-- phpMyAdmin SQL Dump
-- version 5.2.1
-- https://www.phpmyadmin.net/
--
-- Host: 127.0.0.1
-- Generation Time: Feb 12, 2024 at 09:12 PM
-- Server version: 10.4.32-MariaDB
-- PHP Version: 8.0.30

SET SQL_MODE = "NO_AUTO_VALUE_ON_ZERO";
START TRANSACTION;
SET time_zone = "+00:00";


/*!40101 SET @OLD_CHARACTER_SET_CLIENT=@@CHARACTER_SET_CLIENT */;
/*!40101 SET @OLD_CHARACTER_SET_RESULTS=@@CHARACTER_SET_RESULTS */;
/*!40101 SET @OLD_COLLATION_CONNECTION=@@COLLATION_CONNECTION */;
/*!40101 SET NAMES utf8mb4 */;

--
-- Database: `eops`
--

-- --------------------------------------------------------

--
-- Table structure for table `addresses`
--

CREATE TABLE `addresses` (
  `id` int(11) NOT NULL,
  `address` varchar(255) DEFAULT NULL,
  `city` varchar(255) DEFAULT NULL,
  `state` varchar(255) DEFAULT NULL,
  `pincode` int(11) DEFAULT NULL,
  `primary` tinyint(1) DEFAULT NULL,
  `countryId` int(11) DEFAULT NULL,
  `userId` int(11) DEFAULT NULL,
  `createdAt` datetime NOT NULL,
  `updatedAt` datetime NOT NULL
) ENGINE=InnoDB DEFAULT CHARSET=utf8mb4 COLLATE=utf8mb4_general_ci;

-- --------------------------------------------------------

--
-- Table structure for table `classes`
--

CREATE TABLE `classes` (
  `id` int(11) NOT NULL,
  `serialId` varchar(255) NOT NULL,
  `className` varchar(255) NOT NULL,
  `superParentId` int(11) DEFAULT NULL,
  `parentId` int(11) DEFAULT NULL,
  `enterpriseUserId` int(11) DEFAULT NULL,
  `enterpriseId` int(11) DEFAULT NULL,
  `userId` int(11) DEFAULT NULL,
  `createdAt` datetime NOT NULL,
  `updatedAt` datetime NOT NULL
) ENGINE=InnoDB DEFAULT CHARSET=utf8mb4 COLLATE=utf8mb4_general_ci;

--
-- Dumping data for table `classes`
--

INSERT INTO `classes` (`id`, `serialId`, `className`, `superParentId`, `parentId`, `enterpriseUserId`, `enterpriseId`, `userId`, `createdAt`, `updatedAt`) VALUES
(1, 'OCmLH', 'Manufacturing Plant', NULL, NULL, NULL, NULL, 1, '2024-01-02 18:18:34', '2024-02-01 09:04:40'),
(2, 'tRv8q', 'Vehicles', NULL, NULL, NULL, NULL, 1, '2024-01-02 18:18:43', '2024-01-29 05:14:40'),
(3, 'AMmd7', 'Battery', 2, 2, NULL, NULL, 1, '2024-01-04 04:36:50', '2024-01-04 04:36:50'),
(4, 'HAHwe', 'Tire', 2, 2, NULL, NULL, 1, '2024-01-04 04:37:01', '2024-01-04 04:37:01'),
(5, 'vDTxb', 'Walls', 1, 1, NULL, NULL, 1, '2024-01-04 04:37:10', '2024-01-29 05:17:18'),
(6, 'HTVQc', 'Pipes', 1, 1, NULL, NULL, 1, '2024-01-04 04:37:19', '2024-01-04 04:37:19'),
(8, 'QHA8h', 'Channels', 1, 1, NULL, NULL, 1, '2024-01-04 19:05:14', '2024-01-04 19:05:14'),
(11, 'VgrHX', 'hhhhh', NULL, NULL, NULL, NULL, 1, '2024-01-16 06:18:14', '2024-01-16 06:18:14'),
(27, 'lO5jb', 'South Wall', 1, 1, NULL, NULL, 1, '2024-01-29 18:23:42', '2024-01-30 18:22:12'),
(30, 'vDmSv', 'Sub Class11', 29, 29, NULL, NULL, 1, '2024-01-30 06:47:17', '2024-01-31 07:21:00'),
(31, 'n4Fqt', 'Demo Sub Class2', 28, 28, NULL, NULL, 1, '2024-01-30 18:29:52', '2024-01-30 18:33:19'),
(33, '21zjs', 'Demo Sub Class No 3', 29, 29, NULL, NULL, 1, '2024-02-01 14:10:13', '2024-02-01 14:34:50'),
(35, 'ZukuB', 'Sub Class 1', 29, 29, NULL, NULL, 1, '2024-02-01 14:37:39', '2024-02-01 14:37:39'),
(36, 'xurMS', 'Class Sub 21', 28, 28, NULL, NULL, 1, '2024-02-01 14:39:27', '2024-02-01 14:40:54'),
(37, '2F8kL', 'Hello World1', 28, 28, NULL, NULL, 1, '2024-02-01 14:41:15', '2024-02-01 17:34:58'),
(38, 'lU48J', 'AMIT SUB CLASS TEST', 28, 28, NULL, NULL, 1, '2024-02-01 17:35:33', '2024-02-01 18:59:50'),
(41, 'T4LDx', 'SUB CLASS ONE', 39, 39, NULL, NULL, 1, '2024-02-01 19:23:14', '2024-02-01 19:23:14'),
(44, 'f5nqs', 'Class sub', 43, 43, NULL, NULL, 1, '2024-02-05 07:28:57', '2024-02-05 07:31:31'),
(56, 'Ea4g4', 'Chemical Plants', NULL, NULL, NULL, NULL, 1, '2024-02-06 16:39:39', '2024-02-06 16:39:39'),
(57, '1DWLj', 'Chemical Sub Class 1', 56, 56, NULL, NULL, 1, '2024-02-06 17:52:56', '2024-02-06 17:52:56'),
(58, 'oGQTF', 'Chemical Sub Class 2', 56, 56, NULL, NULL, 1, '2024-02-06 17:57:30', '2024-02-06 17:57:30'),
(68, 'zIvnj', 'Chemical Sub Class 3', 56, 56, NULL, NULL, 1, '2024-02-06 19:08:10', '2024-02-06 19:08:10'),
(69, 'OOOIW', 'Chemical Sub Class 4', 56, 56, NULL, NULL, 1, '2024-02-06 19:14:50', '2024-02-12 10:51:21'),
(70, 'oN1Vc', 'Oil Rig', NULL, NULL, NULL, NULL, 1, '2024-02-07 06:49:15', '2024-02-07 06:49:15'),
(71, 'hDhoD', 'Rig Pump', 70, 70, NULL, NULL, 1, '2024-02-07 06:50:08', '2024-02-07 06:50:08'),
(72, '0hv43', 'Chemical Sub Class 5', 56, 56, NULL, NULL, 1, '2024-02-12 18:24:35', '2024-02-12 18:24:35'),
(73, 'A4ptu', 'Chemical Sub Class 6', 56, 56, NULL, NULL, 1, '2024-02-12 18:50:05', '2024-02-12 18:50:05');

-- --------------------------------------------------------

--
-- Table structure for table `classtags`
--

CREATE TABLE `classtags` (
  `id` int(11) NOT NULL,
  `tagName` varchar(255) NOT NULL,
  `dataTypeId` int(11) DEFAULT NULL,
  `classId` int(11) DEFAULT NULL,
  `createdAt` datetime NOT NULL,
  `updatedAt` datetime NOT NULL
) ENGINE=InnoDB DEFAULT CHARSET=utf8mb4 COLLATE=utf8mb4_general_ci;

--
-- Dumping data for table `classtags`
--

INSERT INTO `classtags` (`id`, `tagName`, `dataTypeId`, `classId`, `createdAt`, `updatedAt`) VALUES
(1, 'PlantID', 1, 1, '2024-01-02 18:18:34', '2024-01-02 18:18:34'),
(2, 'Street', 6, 1, '2024-01-02 18:18:34', '2024-01-02 18:18:34'),
(3, 'City', 6, 1, '2024-01-02 18:18:34', '2024-01-02 18:18:34'),
(4, 'State', 6, 1, '2024-01-02 18:18:34', '2024-01-02 18:18:34'),
(5, 'Zipcode', 6, 1, '2024-01-02 18:18:34', '2024-01-02 18:18:34'),
(6, 'Country', 6, 1, '2024-01-02 18:18:34', '2024-01-02 18:18:34'),
(7, 'Name', 6, 1, '2024-01-02 18:18:34', '2024-01-02 18:18:34'),
(9, 'VIN', 6, 2, '2024-01-02 18:18:44', '2024-01-02 18:18:44'),
(10, 'MfgDate', 6, 2, '2024-01-02 18:18:44', '2024-01-02 18:18:44'),
(11, 'Model', 6, 2, '2024-01-02 18:18:44', '2024-01-02 18:18:44'),
(12, 'AssemblyPlant', 6, 2, '2024-01-02 18:18:44', '2024-01-02 18:18:44'),
(13, 'LotNo', 6, 2, '2024-01-02 18:18:44', '2024-01-02 18:18:44'),
(14, 'ModelYear', 6, 2, '2024-01-02 18:18:44', '2024-01-02 18:18:44'),
(15, 'Type', 6, 2, '2024-01-02 18:18:44', '2024-01-02 18:18:44'),
(16, 'SerialNo', 1, 3, '2024-01-04 04:36:51', '2024-01-04 04:36:51'),
(17, 'VIN', 6, 3, '2024-01-04 04:36:51', '2024-01-04 04:36:51'),
(18, 'Manufacturer', 6, 3, '2024-01-04 04:36:51', '2024-01-04 04:36:51'),
(19, 'Capacity', 6, 3, '2024-01-04 04:36:51', '2024-01-04 04:36:51'),
(20, 'Voltage', 6, 3, '2024-01-04 04:36:51', '2024-01-04 04:36:51'),
(21, 'SerialNo', 1, 4, '2024-01-04 04:37:01', '2024-01-04 04:37:01'),
(22, 'VIN', 6, 4, '2024-01-04 04:37:01', '2024-01-04 04:37:01'),
(23, 'Manufacturer', 6, 4, '2024-01-04 04:37:01', '2024-01-04 04:37:01'),
(24, 'AxelNo', 6, 4, '2024-01-04 04:37:01', '2024-01-04 04:37:01'),
(25, 'Type', 6, 4, '2024-01-04 04:37:01', '2024-01-04 04:37:01'),
(26, 'WheelBase', 6, 4, '2024-01-04 04:37:01', '2024-01-04 04:37:01'),
(27, 'ID', 1, 5, '2024-01-04 04:37:10', '2024-01-04 04:37:10'),
(28, 'PlantID', 1, 5, '2024-01-04 04:37:10', '2024-01-04 04:37:10'),
(29, 'Description', 6, 5, '2024-01-04 04:37:10', '2024-01-04 04:37:10'),
(30, 'Floor', 6, 5, '2024-01-04 04:37:10', '2024-01-04 04:37:10'),
(31, 'Room', 6, 5, '2024-01-04 04:37:10', '2024-01-04 04:37:10'),
(32, 'Direction', 6, 5, '2024-01-04 04:37:10', '2024-01-04 04:37:10'),
(33, 'ID', 1, 6, '2024-01-04 04:37:19', '2024-01-04 04:37:19'),
(34, 'PlantID', 1, 6, '2024-01-04 04:37:19', '2024-01-04 04:37:19'),
(35, 'Description', 6, 6, '2024-01-04 04:37:19', '2024-01-04 04:37:19'),
(36, 'Floor', 6, 6, '2024-01-04 04:37:19', '2024-01-04 04:37:19'),
(37, 'Room', 6, 6, '2024-01-04 04:37:19', '2024-01-04 04:37:19'),
(38, 'Direction', 6, 6, '2024-01-04 04:37:19', '2024-01-04 04:37:19'),
(39, 'Material', 6, 6, '2024-01-04 04:37:19', '2024-01-04 04:37:19'),
(45, 'ID', 6, 8, '2024-01-04 19:05:14', '2024-01-04 19:05:14'),
(47, 'Description', 6, 8, '2024-01-04 19:05:14', '2024-01-04 19:05:14'),
(48, 'Floor', 6, 8, '2024-01-04 19:05:14', '2024-01-04 19:05:14'),
(49, 'Room', 6, 8, '2024-01-04 19:05:14', '2024-01-04 19:05:14'),
(50, 'Direction', 6, 8, '2024-01-04 19:05:14', '2024-01-04 19:05:14'),
(64, 'Test', 6, 8, '2024-01-16 10:04:00', '2024-01-16 10:04:00'),
(166, 'ID', 5, 27, '2024-01-29 18:23:42', '2024-01-29 18:23:42'),
(167, 'PlantID', 5, 27, '2024-01-29 18:23:42', '2024-01-29 18:23:42'),
(178, 'City', 5, 30, '2024-01-30 06:47:17', '2024-01-30 06:47:17'),
(179, 'AAA', 4, 31, '2024-01-30 18:29:52', '2024-01-30 18:29:52'),
(192, 'AAA', 5, 33, '2024-02-01 14:10:13', '2024-02-01 14:10:13'),
(193, 'BBB', 5, 33, '2024-02-01 14:10:13', '2024-02-01 14:10:13'),
(198, 'TAG1', 5, 35, '2024-02-01 14:37:39', '2024-02-01 14:37:39'),
(199, 'TAG2', 5, 35, '2024-02-01 14:37:39', '2024-02-01 14:37:39'),
(200, 'TAG1', 5, 36, '2024-02-01 14:39:27', '2024-02-01 14:39:27'),
(201, 'TAG2', 3, 36, '2024-02-01 14:39:27', '2024-02-01 14:39:27'),
(202, 'TAG3', 1, 37, '2024-02-01 14:41:15', '2024-02-01 14:41:15'),
(203, 'TAG4', 1, 37, '2024-02-01 14:41:15', '2024-02-01 14:41:15'),
(204, 'TAG1', 5, 38, '2024-02-01 17:35:33', '2024-02-01 17:35:33'),
(205, 'TAG2', 5, 38, '2024-02-01 17:35:33', '2024-02-01 17:35:33'),
(206, 'TAG3', 5, 38, '2024-02-01 17:35:33', '2024-02-01 17:35:33'),
(214, 'ONE', 5, 41, '2024-02-01 19:23:14', '2024-02-01 19:23:14'),
(215, 'TWO', 5, 41, '2024-02-01 19:23:14', '2024-02-01 19:23:14'),
(216, 'THREE', 4, 41, '2024-02-01 19:23:14', '2024-02-01 19:23:14'),
(217, 'FOUR', 5, 41, '2024-02-01 19:23:40', '2024-02-01 19:23:40'),
(233, 'BBBB', 5, 44, '2024-02-05 07:31:04', '2024-02-05 07:31:04'),
(234, '1111', 2, 44, '2024-02-05 07:31:19', '2024-02-05 07:31:19'),
(235, '555', 1, 44, '2024-02-05 07:31:19', '2024-02-05 07:31:19'),
(267, 'PlantID', 5, 56, '2024-02-06 16:39:39', '2024-02-06 16:39:39'),
(268, 'Street', 5, 56, '2024-02-06 16:39:39', '2024-02-06 16:39:39'),
(269, 'City', 5, 56, '2024-02-06 16:39:39', '2024-02-06 16:39:39'),
(270, 'State', 5, 56, '2024-02-06 16:39:39', '2024-02-06 16:39:39'),
(271, 'ZipCode', 5, 56, '2024-02-06 16:39:39', '2024-02-06 16:39:39'),
(272, 'Country', 5, 56, '2024-02-06 16:39:39', '2024-02-06 16:39:39'),
(273, 'Name', 5, 57, '2024-02-06 17:52:56', '2024-02-06 17:52:56'),
(274, 'Model', 5, 57, '2024-02-06 17:52:56', '2024-02-06 17:52:56'),
(275, 'Description', 5, 57, '2024-02-06 17:52:56', '2024-02-06 17:52:56'),
(276, 'Name', 5, 58, '2024-02-06 17:57:30', '2024-02-06 17:57:30'),
(277, 'Model', 6, 58, '2024-02-06 17:57:30', '2024-02-06 17:57:30'),
(278, 'Type', 5, 58, '2024-02-06 17:57:30', '2024-02-06 17:57:30'),
(293, 'Name', 6, 68, '2024-02-06 19:08:10', '2024-02-06 19:08:10'),
(294, 'Name', 6, 69, '2024-02-06 19:14:50', '2024-02-06 19:14:50'),
(295, 'Model', 6, 69, '2024-02-06 19:14:50', '2024-02-06 19:14:50'),
(296, 'Type', 5, 69, '2024-02-06 19:16:32', '2024-02-06 19:16:32'),
(297, 'Description', 6, 69, '2024-02-06 19:16:32', '2024-02-06 19:16:32'),
(298, 'RigID', 5, 70, '2024-02-07 06:49:15', '2024-02-07 06:49:15'),
(299, 'RigLocation', 5, 70, '2024-02-07 06:49:15', '2024-02-07 06:49:15'),
(300, 'RigPumpType', 5, 71, '2024-02-07 06:50:08', '2024-02-07 06:50:08'),
(301, 'RigPumpSize', 2, 71, '2024-02-07 06:50:08', '2024-02-07 06:50:08'),
(302, 'NewTag', 1, 69, '2024-02-12 10:50:43', '2024-02-12 10:50:43'),
(303, 'Name', 5, 72, '2024-02-12 18:24:35', '2024-02-12 18:24:35'),
(304, 'Type', 5, 72, '2024-02-12 18:24:35', '2024-02-12 18:24:35'),
(305, 'Description', 5, 72, '2024-02-12 18:24:35', '2024-02-12 18:24:35'),
(306, 'ZipCode', 5, 72, '2024-02-12 18:24:35', '2024-02-12 18:24:35'),
(307, 'Name', 5, 73, '2024-02-12 18:50:05', '2024-02-12 18:50:05'),
(308, 'Model', 5, 73, '2024-02-12 18:50:05', '2024-02-12 18:50:05'),
(309, 'Description', 5, 73, '2024-02-12 18:52:48', '2024-02-12 18:52:48');

-- --------------------------------------------------------

--
-- Table structure for table `companyrecords`
--

CREATE TABLE `companyrecords` (
  `id` int(11) NOT NULL,
  `userId` int(11) DEFAULT NULL,
  `companyName` varchar(255) NOT NULL,
  `createdAt` datetime NOT NULL,
  `updatedAt` datetime NOT NULL
) ENGINE=InnoDB DEFAULT CHARSET=utf8mb4 COLLATE=utf8mb4_general_ci;

--
-- Dumping data for table `companyrecords`
--

INSERT INTO `companyrecords` (`id`, `userId`, `companyName`, `createdAt`, `updatedAt`) VALUES
(1, 1, 'SHODAT', '2023-12-29 05:42:28', '2023-12-29 05:42:28');

-- --------------------------------------------------------

--
-- Table structure for table `contactsales`
--

CREATE TABLE `contactsales` (
  `id` int(11) NOT NULL,
  `email` varchar(255) DEFAULT NULL,
  `firstName` varchar(255) NOT NULL,
  `lastName` varchar(255) NOT NULL,
  `message` varchar(255) NOT NULL,
  `companyName` varchar(255) NOT NULL,
  `CIN` int(11) NOT NULL,
  `numOfEmployee` int(11) NOT NULL,
  `phoneNumber` varchar(255) NOT NULL,
  `createdAt` datetime NOT NULL,
  `updatedAt` datetime NOT NULL
) ENGINE=InnoDB DEFAULT CHARSET=utf8mb4 COLLATE=utf8mb4_general_ci;

-- --------------------------------------------------------

--
-- Table structure for table `countrycodemodels`
--

CREATE TABLE `countrycodemodels` (
  `id` int(11) NOT NULL,
  `countryName` varchar(255) NOT NULL,
  `countryCode` varchar(255) NOT NULL,
  `dialCode` varchar(255) NOT NULL,
  `createdAt` datetime NOT NULL,
  `updatedAt` datetime NOT NULL
) ENGINE=InnoDB DEFAULT CHARSET=utf8mb4 COLLATE=utf8mb4_general_ci;

--
-- Dumping data for table `countrycodemodels`
--

INSERT INTO `countrycodemodels` (`id`, `countryName`, `countryCode`, `dialCode`, `createdAt`, `updatedAt`) VALUES
(1, 'Afghanistan', 'AF', '+93', '2023-12-29 05:42:14', '2023-12-29 05:42:14'),
(2, 'Aland Islands', 'AX', '+358', '2023-12-29 05:42:14', '2023-12-29 05:42:14'),
(3, 'Albania', 'AL', '+355', '2023-12-29 05:42:15', '2023-12-29 05:42:15'),
(4, 'Algeria', 'DZ', '+213', '2023-12-29 05:42:15', '2023-12-29 05:42:15'),
(5, 'AmericanSamoa', 'AS', '+1684', '2023-12-29 05:42:15', '2023-12-29 05:42:15'),
(6, 'Andorra', 'AD', '+376', '2023-12-29 05:42:15', '2023-12-29 05:42:15'),
(7, 'Angola', 'AO', '+244', '2023-12-29 05:42:15', '2023-12-29 05:42:15'),
(8, 'Anguilla', 'AI', '+1264', '2023-12-29 05:42:15', '2023-12-29 05:42:15'),
(9, 'Antarctica', 'AQ', '+672', '2023-12-29 05:42:15', '2023-12-29 05:42:15'),
(10, 'Antigua and Barbuda', 'AG', '+1268', '2023-12-29 05:42:15', '2023-12-29 05:42:15'),
(11, 'Argentina', 'AR', '+54', '2023-12-29 05:42:15', '2023-12-29 05:42:15'),
(12, 'Armenia', 'AM', '+374', '2023-12-29 05:42:15', '2023-12-29 05:42:15'),
(13, 'Aruba', 'AW', '+297', '2023-12-29 05:42:15', '2023-12-29 05:42:15'),
(14, 'Australia', 'AU', '+61', '2023-12-29 05:42:15', '2023-12-29 05:42:15'),
(15, 'Austria', 'AT', '+43', '2023-12-29 05:42:15', '2023-12-29 05:42:15'),
(16, 'Azerbaijan', 'AZ', '+994', '2023-12-29 05:42:15', '2023-12-29 05:42:15'),
(17, 'Bahamas', 'BS', '+1242', '2023-12-29 05:42:15', '2023-12-29 05:42:15'),
(18, 'Bahrain', 'BH', '+973', '2023-12-29 05:42:15', '2023-12-29 05:42:15'),
(19, 'Bangladesh', 'BD', '+880', '2023-12-29 05:42:16', '2023-12-29 05:42:16'),
(20, 'Barbados', 'BB', '+1246', '2023-12-29 05:42:16', '2023-12-29 05:42:16'),
(21, 'Belarus', 'BY', '+375', '2023-12-29 05:42:16', '2023-12-29 05:42:16'),
(22, 'Belgium', 'BE', '+32', '2023-12-29 05:42:16', '2023-12-29 05:42:16'),
(23, 'Belize', 'BZ', '+501', '2023-12-29 05:42:16', '2023-12-29 05:42:16'),
(24, 'Benin', 'BJ', '+229', '2023-12-29 05:42:16', '2023-12-29 05:42:16'),
(25, 'Bermuda', 'BM', '+1441', '2023-12-29 05:42:16', '2023-12-29 05:42:16'),
(26, 'Bhutan', 'BT', '+975', '2023-12-29 05:42:16', '2023-12-29 05:42:16'),
(27, 'Bolivia, Plurinational State of', 'BO', '+591', '2023-12-29 05:42:16', '2023-12-29 05:42:16'),
(28, 'Bosnia and Herzegovina', 'BA', '+387', '2023-12-29 05:42:16', '2023-12-29 05:42:16'),
(29, 'Botswana', 'BW', '+267', '2023-12-29 05:42:16', '2023-12-29 05:42:16'),
(30, 'Brazil', 'BR', '+55', '2023-12-29 05:42:17', '2023-12-29 05:42:17'),
(31, 'British Indian Ocean Territory', 'IO', '+246', '2023-12-29 05:42:17', '2023-12-29 05:42:17'),
(32, 'Brunei Darussalam', 'BN', '+673', '2023-12-29 05:42:17', '2023-12-29 05:42:17'),
(33, 'Bulgaria', 'BG', '+359', '2023-12-29 05:42:17', '2023-12-29 05:42:17'),
(34, 'Burkina Faso', 'BF', '+226', '2023-12-29 05:42:17', '2023-12-29 05:42:17'),
(35, 'Burundi', 'BI', '+257', '2023-12-29 05:42:17', '2023-12-29 05:42:17'),
(36, 'Cambodia', 'KH', '+855', '2023-12-29 05:42:17', '2023-12-29 05:42:17'),
(37, 'Cameroon', 'CM', '+237', '2023-12-29 05:42:17', '2023-12-29 05:42:17'),
(38, 'Canada', 'CA', '+1', '2023-12-29 05:42:17', '2023-12-29 05:42:17'),
(39, 'Cape Verde', 'CV', '+238', '2023-12-29 05:42:17', '2023-12-29 05:42:17'),
(40, 'Cayman Islands', 'KY', '+ 345', '2023-12-29 05:42:17', '2023-12-29 05:42:17'),
(41, 'Central African Republic', 'CF', '+236', '2023-12-29 05:42:17', '2023-12-29 05:42:17'),
(42, 'Chad', 'TD', '+235', '2023-12-29 05:42:17', '2023-12-29 05:42:17'),
(43, 'Chile', 'CL', '+56', '2023-12-29 05:42:17', '2023-12-29 05:42:17'),
(44, 'China', 'CN', '+86', '2023-12-29 05:42:17', '2023-12-29 05:42:17'),
(45, 'Christmas Island', 'CX', '+61', '2023-12-29 05:42:17', '2023-12-29 05:42:17'),
(46, 'Cocos (Keeling) Islands', 'CC', '+61', '2023-12-29 05:42:18', '2023-12-29 05:42:18'),
(47, 'Colombia', 'CO', '+57', '2023-12-29 05:42:18', '2023-12-29 05:42:18'),
(48, 'Comoros', 'KM', '+269', '2023-12-29 05:42:18', '2023-12-29 05:42:18'),
(49, 'Congo', 'CG', '+242', '2023-12-29 05:42:18', '2023-12-29 05:42:18'),
(50, 'Congo, The Democratic Republic of the Congo', 'CD', '+243', '2023-12-29 05:42:18', '2023-12-29 05:42:18'),
(51, 'Cook Islands', 'CK', '+682', '2023-12-29 05:42:18', '2023-12-29 05:42:18'),
(52, 'Costa Rica', 'CR', '+506', '2023-12-29 05:42:18', '2023-12-29 05:42:18'),
(53, 'Cote d\'Ivoire', 'CI', '+225', '2023-12-29 05:42:18', '2023-12-29 05:42:18'),
(54, 'Croatia', 'HR', '+385', '2023-12-29 05:42:18', '2023-12-29 05:42:18'),
(55, 'Cuba', 'CU', '+53', '2023-12-29 05:42:18', '2023-12-29 05:42:18'),
(56, 'Cyprus', 'CY', '+357', '2023-12-29 05:42:18', '2023-12-29 05:42:18'),
(57, 'Czech Republic', 'CZ', '+420', '2023-12-29 05:42:18', '2023-12-29 05:42:18'),
(58, 'Denmark', 'DK', '+45', '2023-12-29 05:42:18', '2023-12-29 05:42:18'),
(59, 'Djibouti', 'DJ', '+253', '2023-12-29 05:42:18', '2023-12-29 05:42:18'),
(60, 'Dominica', 'DM', '+1767', '2023-12-29 05:42:18', '2023-12-29 05:42:18'),
(61, 'Dominican Republic', 'DO', '+1849', '2023-12-29 05:42:18', '2023-12-29 05:42:18'),
(62, 'Ecuador', 'EC', '+593', '2023-12-29 05:42:18', '2023-12-29 05:42:18'),
(63, 'Egypt', 'EG', '+20', '2023-12-29 05:42:18', '2023-12-29 05:42:18'),
(64, 'El Salvador', 'SV', '+503', '2023-12-29 05:42:18', '2023-12-29 05:42:18'),
(65, 'Equatorial Guinea', 'GQ', '+240', '2023-12-29 05:42:18', '2023-12-29 05:42:18'),
(66, 'Eritrea', 'ER', '+291', '2023-12-29 05:42:19', '2023-12-29 05:42:19'),
(67, 'Estonia', 'EE', '+372', '2023-12-29 05:42:19', '2023-12-29 05:42:19'),
(68, 'Ethiopia', 'ET', '+251', '2023-12-29 05:42:19', '2023-12-29 05:42:19'),
(69, 'Falkland Islands (Malvinas)', 'FK', '+500', '2023-12-29 05:42:19', '2023-12-29 05:42:19'),
(70, 'Faroe Islands', 'FO', '+298', '2023-12-29 05:42:19', '2023-12-29 05:42:19'),
(71, 'Fiji', 'FJ', '+679', '2023-12-29 05:42:19', '2023-12-29 05:42:19'),
(72, 'Finland', 'FI', '+358', '2023-12-29 05:42:19', '2023-12-29 05:42:19'),
(73, 'France', 'FR', '+33', '2023-12-29 05:42:19', '2023-12-29 05:42:19'),
(74, 'French Guiana', 'GF', '+594', '2023-12-29 05:42:19', '2023-12-29 05:42:19'),
(75, 'French Polynesia', 'PF', '+689', '2023-12-29 05:42:19', '2023-12-29 05:42:19'),
(76, 'Gabon', 'GA', '+241', '2023-12-29 05:42:19', '2023-12-29 05:42:19'),
(77, 'Gambia', 'GM', '+220', '2023-12-29 05:42:19', '2023-12-29 05:42:19'),
(78, 'Georgia', 'GE', '+995', '2023-12-29 05:42:19', '2023-12-29 05:42:19'),
(79, 'Germany', 'DE', '+49', '2023-12-29 05:42:19', '2023-12-29 05:42:19'),
(80, 'Ghana', 'GH', '+233', '2023-12-29 05:42:19', '2023-12-29 05:42:19'),
(81, 'Gibraltar', 'GI', '+350', '2023-12-29 05:42:19', '2023-12-29 05:42:19'),
(82, 'Greece', 'GR', '+30', '2023-12-29 05:42:19', '2023-12-29 05:42:19'),
(83, 'Greenland', 'GL', '+299', '2023-12-29 05:42:19', '2023-12-29 05:42:19'),
(84, 'Grenada', 'GD', '+1473', '2023-12-29 05:42:19', '2023-12-29 05:42:19'),
(85, 'Guadeloupe', 'GP', '+590', '2023-12-29 05:42:19', '2023-12-29 05:42:19'),
(86, 'Guam', 'GU', '+1671', '2023-12-29 05:42:19', '2023-12-29 05:42:19'),
(87, 'Guatemala', 'GT', '+502', '2023-12-29 05:42:19', '2023-12-29 05:42:19'),
(88, 'Guernsey', 'GG', '+44', '2023-12-29 05:42:20', '2023-12-29 05:42:20'),
(89, 'Guinea', 'GN', '+224', '2023-12-29 05:42:20', '2023-12-29 05:42:20'),
(90, 'Guinea-Bissau', 'GW', '+245', '2023-12-29 05:42:20', '2023-12-29 05:42:20'),
(91, 'Guyana', 'GY', '+595', '2023-12-29 05:42:20', '2023-12-29 05:42:20'),
(92, 'Haiti', 'HT', '+509', '2023-12-29 05:42:20', '2023-12-29 05:42:20'),
(93, 'Holy See (Vatican City State)', 'VA', '+379', '2023-12-29 05:42:20', '2023-12-29 05:42:20'),
(94, 'Honduras', 'HN', '+504', '2023-12-29 05:42:20', '2023-12-29 05:42:20'),
(95, 'Hong Kong', 'HK', '+852', '2023-12-29 05:42:20', '2023-12-29 05:42:20'),
(96, 'Hungary', 'HU', '+36', '2023-12-29 05:42:20', '2023-12-29 05:42:20'),
(97, 'Iceland', 'IS', '+354', '2023-12-29 05:42:20', '2023-12-29 05:42:20'),
(98, 'India', 'IN', '+91', '2023-12-29 05:42:20', '2023-12-29 05:42:20'),
(99, 'Indonesia', 'ID', '+62', '2023-12-29 05:42:20', '2023-12-29 05:42:20'),
(100, 'Iran, Islamic Republic of Persian Gulf', 'IR', '+98', '2023-12-29 05:42:20', '2023-12-29 05:42:20'),
(101, 'Iraq', 'IQ', '+964', '2023-12-29 05:42:20', '2023-12-29 05:42:20'),
(102, 'Ireland', 'IE', '+353', '2023-12-29 05:42:20', '2023-12-29 05:42:20'),
(103, 'Isle of Man', 'IM', '+44', '2023-12-29 05:42:20', '2023-12-29 05:42:20'),
(104, 'Israel', 'IL', '+972', '2023-12-29 05:42:20', '2023-12-29 05:42:20'),
(105, 'Italy', 'IT', '+39', '2023-12-29 05:42:21', '2023-12-29 05:42:21'),
(106, 'Jamaica', 'JM', '+1876', '2023-12-29 05:42:21', '2023-12-29 05:42:21'),
(107, 'Japan', 'JP', '+81', '2023-12-29 05:42:21', '2023-12-29 05:42:21'),
(108, 'Jersey', 'JE', '+44', '2023-12-29 05:42:21', '2023-12-29 05:42:21'),
(109, 'Jordan', 'JO', '+962', '2023-12-29 05:42:21', '2023-12-29 05:42:21'),
(110, 'Kazakhstan', 'KZ', '+77', '2023-12-29 05:42:21', '2023-12-29 05:42:21'),
(111, 'Kenya', 'KE', '+254', '2023-12-29 05:42:21', '2023-12-29 05:42:21'),
(112, 'Kiribati', 'KI', '+686', '2023-12-29 05:42:21', '2023-12-29 05:42:21'),
(113, 'Korea, Democratic People\'s Republic of Korea', 'KP', '+850', '2023-12-29 05:42:21', '2023-12-29 05:42:21'),
(114, 'Korea, Republic of South Korea', 'KR', '+82', '2023-12-29 05:42:21', '2023-12-29 05:42:21'),
(115, 'Kuwait', 'KW', '+965', '2023-12-29 05:42:21', '2023-12-29 05:42:21'),
(116, 'Kyrgyzstan', 'KG', '+996', '2023-12-29 05:42:21', '2023-12-29 05:42:21'),
(117, 'Laos', 'LA', '+856', '2023-12-29 05:42:21', '2023-12-29 05:42:21'),
(118, 'Latvia', 'LV', '+371', '2023-12-29 05:42:21', '2023-12-29 05:42:21'),
(119, 'Lebanon', 'LB', '+961', '2023-12-29 05:42:21', '2023-12-29 05:42:21'),
(120, 'Lesotho', 'LS', '+266', '2023-12-29 05:42:21', '2023-12-29 05:42:21'),
(121, 'Liberia', 'LR', '+231', '2023-12-29 05:42:21', '2023-12-29 05:42:21'),
(122, 'Libyan Arab Jamahiriya', 'LY', '+218', '2023-12-29 05:42:21', '2023-12-29 05:42:21'),
(123, 'Liechtenstein', 'LI', '+423', '2023-12-29 05:42:21', '2023-12-29 05:42:21'),
(124, 'Lithuania', 'LT', '+370', '2023-12-29 05:42:21', '2023-12-29 05:42:21'),
(125, 'Luxembourg', 'LU', '+352', '2023-12-29 05:42:21', '2023-12-29 05:42:21'),
(126, 'Macao', 'MO', '+853', '2023-12-29 05:42:21', '2023-12-29 05:42:21'),
(127, 'Macedonia', 'MK', '+389', '2023-12-29 05:42:22', '2023-12-29 05:42:22'),
(128, 'Madagascar', 'MG', '+261', '2023-12-29 05:42:22', '2023-12-29 05:42:22'),
(129, 'Malawi', 'MW', '+265', '2023-12-29 05:42:22', '2023-12-29 05:42:22'),
(130, 'Malaysia', 'MY', '+60', '2023-12-29 05:42:22', '2023-12-29 05:42:22'),
(131, 'Maldives', 'MV', '+960', '2023-12-29 05:42:22', '2023-12-29 05:42:22'),
(132, 'Mali', 'ML', '+223', '2023-12-29 05:42:22', '2023-12-29 05:42:22'),
(133, 'Malta', 'MT', '+356', '2023-12-29 05:42:22', '2023-12-29 05:42:22'),
(134, 'Marshall Islands', 'MH', '+692', '2023-12-29 05:42:22', '2023-12-29 05:42:22'),
(135, 'Martinique', 'MQ', '+596', '2023-12-29 05:42:22', '2023-12-29 05:42:22'),
(136, 'Mauritania', 'MR', '+222', '2023-12-29 05:42:22', '2023-12-29 05:42:22'),
(137, 'Mauritius', 'MU', '+230', '2023-12-29 05:42:22', '2023-12-29 05:42:22'),
(138, 'Mayotte', 'YT', '+262', '2023-12-29 05:42:22', '2023-12-29 05:42:22'),
(139, 'Mexico', 'MX', '+52', '2023-12-29 05:42:22', '2023-12-29 05:42:22'),
(140, 'Micronesia, Federated States of Micronesia', 'FM', '+691', '2023-12-29 05:42:22', '2023-12-29 05:42:22'),
(141, 'Moldova', 'MD', '+373', '2023-12-29 05:42:22', '2023-12-29 05:42:22'),
(142, 'Monaco', 'MC', '+377', '2023-12-29 05:42:22', '2023-12-29 05:42:22'),
(143, 'Mongolia', 'MN', '+976', '2023-12-29 05:42:22', '2023-12-29 05:42:22'),
(144, 'Montenegro', 'ME', '+382', '2023-12-29 05:42:22', '2023-12-29 05:42:22'),
(145, 'Montserrat', 'MS', '+1664', '2023-12-29 05:42:22', '2023-12-29 05:42:22'),
(146, 'Morocco', 'MA', '+212', '2023-12-29 05:42:22', '2023-12-29 05:42:22'),
(147, 'Mozambique', 'MZ', '+258', '2023-12-29 05:42:22', '2023-12-29 05:42:22'),
(148, 'Myanmar', 'MM', '+95', '2023-12-29 05:42:22', '2023-12-29 05:42:22'),
(149, 'Namibia', 'NA', '+264', '2023-12-29 05:42:22', '2023-12-29 05:42:22'),
(150, 'Nauru', 'NR', '+674', '2023-12-29 05:42:23', '2023-12-29 05:42:23'),
(151, 'Nepal', 'NP', '+977', '2023-12-29 05:42:23', '2023-12-29 05:42:23'),
(152, 'Netherlands', 'NL', '+31', '2023-12-29 05:42:23', '2023-12-29 05:42:23'),
(153, 'Netherlands Antilles', 'AN', '+599', '2023-12-29 05:42:23', '2023-12-29 05:42:23'),
(154, 'New Caledonia', 'NC', '+687', '2023-12-29 05:42:23', '2023-12-29 05:42:23'),
(155, 'New Zealand', 'NZ', '+64', '2023-12-29 05:42:23', '2023-12-29 05:42:23'),
(156, 'Nicaragua', 'NI', '+505', '2023-12-29 05:42:23', '2023-12-29 05:42:23'),
(157, 'Niger', 'NE', '+227', '2023-12-29 05:42:23', '2023-12-29 05:42:23'),
(158, 'Nigeria', 'NG', '+234', '2023-12-29 05:42:23', '2023-12-29 05:42:23'),
(159, 'Niue', 'NU', '+683', '2023-12-29 05:42:23', '2023-12-29 05:42:23'),
(160, 'Norfolk Island', 'NF', '+672', '2023-12-29 05:42:23', '2023-12-29 05:42:23'),
(161, 'Northern Mariana Islands', 'MP', '+1670', '2023-12-29 05:42:23', '2023-12-29 05:42:23'),
(162, 'Norway', 'NO', '+47', '2023-12-29 05:42:23', '2023-12-29 05:42:23'),
(163, 'Oman', 'OM', '+968', '2023-12-29 05:42:23', '2023-12-29 05:42:23'),
(164, 'Pakistan', 'PK', '+92', '2023-12-29 05:42:23', '2023-12-29 05:42:23'),
(165, 'Palau', 'PW', '+680', '2023-12-29 05:42:23', '2023-12-29 05:42:23'),
(166, 'Palestinian Territory, Occupied', 'PS', '+970', '2023-12-29 05:42:23', '2023-12-29 05:42:23'),
(167, 'Panama', 'PA', '+507', '2023-12-29 05:42:23', '2023-12-29 05:42:23'),
(168, 'Papua New Guinea', 'PG', '+675', '2023-12-29 05:42:23', '2023-12-29 05:42:23'),
(169, 'Paraguay', 'PY', '+595', '2023-12-29 05:42:23', '2023-12-29 05:42:23'),
(170, 'Peru', 'PE', '+51', '2023-12-29 05:42:24', '2023-12-29 05:42:24'),
(171, 'Philippines', 'PH', '+63', '2023-12-29 05:42:24', '2023-12-29 05:42:24'),
(172, 'Pitcairn', 'PN', '+872', '2023-12-29 05:42:24', '2023-12-29 05:42:24'),
(173, 'Poland', 'PL', '+48', '2023-12-29 05:42:24', '2023-12-29 05:42:24'),
(174, 'Portugal', 'PT', '+351', '2023-12-29 05:42:24', '2023-12-29 05:42:24'),
(175, 'Puerto Rico', 'PR', '+1939', '2023-12-29 05:42:24', '2023-12-29 05:42:24'),
(176, 'Qatar', 'QA', '+974', '2023-12-29 05:42:24', '2023-12-29 05:42:24'),
(177, 'Romania', 'RO', '+40', '2023-12-29 05:42:24', '2023-12-29 05:42:24'),
(178, 'Russia', 'RU', '+7', '2023-12-29 05:42:24', '2023-12-29 05:42:24'),
(179, 'Rwanda', 'RW', '+250', '2023-12-29 05:42:24', '2023-12-29 05:42:24'),
(180, 'Reunion', 'RE', '+262', '2023-12-29 05:42:24', '2023-12-29 05:42:24'),
(181, 'Saint Barthelemy', 'BL', '+590', '2023-12-29 05:42:24', '2023-12-29 05:42:24'),
(182, 'Saint Helena, Ascension and Tristan Da Cunha', 'SH', '+290', '2023-12-29 05:42:24', '2023-12-29 05:42:24'),
(183, 'Saint Kitts and Nevis', 'KN', '+1869', '2023-12-29 05:42:24', '2023-12-29 05:42:24'),
(184, 'Saint Lucia', 'LC', '+1758', '2023-12-29 05:42:24', '2023-12-29 05:42:24'),
(185, 'Saint Martin', 'MF', '+590', '2023-12-29 05:42:24', '2023-12-29 05:42:24'),
(186, 'Saint Pierre and Miquelon', 'PM', '+508', '2023-12-29 05:42:24', '2023-12-29 05:42:24'),
(187, 'Saint Vincent and the Grenadines', 'VC', '+1784', '2023-12-29 05:42:24', '2023-12-29 05:42:24'),
(188, 'Samoa', 'WS', '+685', '2023-12-29 05:42:24', '2023-12-29 05:42:24'),
(189, 'San Marino', 'SM', '+378', '2023-12-29 05:42:24', '2023-12-29 05:42:24'),
(190, 'Sao Tome and Principe', 'ST', '+239', '2023-12-29 05:42:24', '2023-12-29 05:42:24'),
(191, 'Saudi Arabia', 'SA', '+966', '2023-12-29 05:42:25', '2023-12-29 05:42:25'),
(192, 'Senegal', 'SN', '+221', '2023-12-29 05:42:25', '2023-12-29 05:42:25'),
(193, 'Serbia', 'RS', '+381', '2023-12-29 05:42:25', '2023-12-29 05:42:25'),
(194, 'Seychelles', 'SC', '+248', '2023-12-29 05:42:25', '2023-12-29 05:42:25'),
(195, 'Sierra Leone', 'SL', '+232', '2023-12-29 05:42:25', '2023-12-29 05:42:25'),
(196, 'Singapore', 'SG', '+65', '2023-12-29 05:42:25', '2023-12-29 05:42:25'),
(197, 'Slovakia', 'SK', '+421', '2023-12-29 05:42:25', '2023-12-29 05:42:25'),
(198, 'Slovenia', 'SI', '+386', '2023-12-29 05:42:25', '2023-12-29 05:42:25'),
(199, 'Solomon Islands', 'SB', '+677', '2023-12-29 05:42:25', '2023-12-29 05:42:25'),
(200, 'Somalia', 'SO', '+252', '2023-12-29 05:42:25', '2023-12-29 05:42:25'),
(201, 'South Africa', 'ZA', '+27', '2023-12-29 05:42:25', '2023-12-29 05:42:25'),
(202, 'South Sudan', 'SS', '+211', '2023-12-29 05:42:25', '2023-12-29 05:42:25'),
(203, 'South Georgia and the South Sandwich Islands', 'GS', '+500', '2023-12-29 05:42:25', '2023-12-29 05:42:25'),
(204, 'Spain', 'ES', '+34', '2023-12-29 05:42:25', '2023-12-29 05:42:25'),
(205, 'Sri Lanka', 'LK', '+94', '2023-12-29 05:42:25', '2023-12-29 05:42:25'),
(206, 'Sudan', 'SD', '+249', '2023-12-29 05:42:25', '2023-12-29 05:42:25'),
(207, 'SuricountryName', 'SR', '+597', '2023-12-29 05:42:25', '2023-12-29 05:42:25'),
(208, 'Svalbard and Jan Mayen', 'SJ', '+47', '2023-12-29 05:42:25', '2023-12-29 05:42:25'),
(209, 'Swaziland', 'SZ', '+268', '2023-12-29 05:42:26', '2023-12-29 05:42:26'),
(210, 'Sweden', 'SE', '+46', '2023-12-29 05:42:26', '2023-12-29 05:42:26'),
(211, 'Switzerland', 'CH', '+41', '2023-12-29 05:42:26', '2023-12-29 05:42:26'),
(212, 'Syrian Arab Republic', 'SY', '+963', '2023-12-29 05:42:26', '2023-12-29 05:42:26'),
(213, 'Taiwan', 'TW', '+886', '2023-12-29 05:42:26', '2023-12-29 05:42:26'),
(214, 'Tajikistan', 'TJ', '+992', '2023-12-29 05:42:26', '2023-12-29 05:42:26'),
(215, 'Tanzania, United Republic of Tanzania', 'TZ', '+255', '2023-12-29 05:42:26', '2023-12-29 05:42:26'),
(216, 'Thailand', 'TH', '+66', '2023-12-29 05:42:26', '2023-12-29 05:42:26'),
(217, 'Timor-Leste', 'TL', '+670', '2023-12-29 05:42:26', '2023-12-29 05:42:26'),
(218, 'Togo', 'TG', '+228', '2023-12-29 05:42:26', '2023-12-29 05:42:26'),
(219, 'Tokelau', 'TK', '+690', '2023-12-29 05:42:26', '2023-12-29 05:42:26'),
(220, 'Tonga', 'TO', '+676', '2023-12-29 05:42:26', '2023-12-29 05:42:26'),
(221, 'Trinidad and Tobago', 'TT', '+1868', '2023-12-29 05:42:26', '2023-12-29 05:42:26'),
(222, 'Tunisia', 'TN', '+216', '2023-12-29 05:42:26', '2023-12-29 05:42:26'),
(223, 'Turkey', 'TR', '+90', '2023-12-29 05:42:26', '2023-12-29 05:42:26'),
(224, 'Turkmenistan', 'TM', '+993', '2023-12-29 05:42:26', '2023-12-29 05:42:26'),
(225, 'Turks and Caicos Islands', 'TC', '+1649', '2023-12-29 05:42:26', '2023-12-29 05:42:26'),
(226, 'Tuvalu', 'TV', '+688', '2023-12-29 05:42:27', '2023-12-29 05:42:27'),
(227, 'Uganda', 'UG', '+256', '2023-12-29 05:42:27', '2023-12-29 05:42:27'),
(228, 'Ukraine', 'UA', '+380', '2023-12-29 05:42:27', '2023-12-29 05:42:27'),
(229, 'United Arab Emirates', 'AE', '+971', '2023-12-29 05:42:27', '2023-12-29 05:42:27'),
(230, 'United Kingdom', 'GB', '+44', '2023-12-29 05:42:27', '2023-12-29 05:42:27'),
(231, 'United States', 'US', '+1', '2023-12-29 05:42:27', '2023-12-29 05:42:27'),
(232, 'Uruguay', 'UY', '+598', '2023-12-29 05:42:27', '2023-12-29 05:42:27'),
(233, 'Uzbekistan', 'UZ', '+998', '2023-12-29 05:42:27', '2023-12-29 05:42:27'),
(234, 'Vanuatu', 'VU', '+678', '2023-12-29 05:42:27', '2023-12-29 05:42:27'),
(235, 'Venezuela, Bolivarian Republic of Venezuela', 'VE', '+58', '2023-12-29 05:42:27', '2023-12-29 05:42:27'),
(236, 'Vietnam', 'VN', '+84', '2023-12-29 05:42:27', '2023-12-29 05:42:27'),
(237, 'Virgin Islands, British', 'VG', '+1284', '2023-12-29 05:42:27', '2023-12-29 05:42:27'),
(238, 'Virgin Islands, U.S.', 'VI', '+1340', '2023-12-29 05:42:27', '2023-12-29 05:42:27'),
(239, 'Wallis and Futuna', 'WF', '+681', '2023-12-29 05:42:27', '2023-12-29 05:42:27'),
(240, 'Yemen', 'YE', '+967', '2023-12-29 05:42:27', '2023-12-29 05:42:27'),
(241, 'Zambia', 'ZM', '+260', '2023-12-29 05:42:27', '2023-12-29 05:42:27'),
(242, 'Zimbabwe', 'ZW', '+263', '2023-12-29 05:42:27', '2023-12-29 05:42:27');

-- --------------------------------------------------------

--
-- Table structure for table `crackdetectionresponses`
--

CREATE TABLE `crackdetectionresponses` (
  `id` int(11) NOT NULL,
  `coordinates` longtext CHARACTER SET utf8mb4 COLLATE utf8mb4_bin DEFAULT NULL CHECK (json_valid(`coordinates`)),
  `tag` varchar(255) NOT NULL,
  `modelObjectImageId` int(11) DEFAULT NULL,
  `createdAt` datetime NOT NULL,
  `updatedAt` datetime NOT NULL
) ENGINE=InnoDB DEFAULT CHARSET=utf8mb4 COLLATE=utf8mb4_general_ci;

-- --------------------------------------------------------

--
-- Table structure for table `deletetablerecords`
--

CREATE TABLE `deletetablerecords` (
  `id` int(11) NOT NULL,
  `userId` int(11) NOT NULL,
  `email` varchar(255) NOT NULL,
  `deleteAction` tinyint(1) DEFAULT NULL,
  `message` varchar(255) DEFAULT NULL,
  `reasonId` int(11) DEFAULT NULL,
  `createdAt` datetime NOT NULL,
  `updatedAt` datetime NOT NULL
) ENGINE=InnoDB DEFAULT CHARSET=utf8mb4 COLLATE=utf8mb4_general_ci;

-- --------------------------------------------------------

--
-- Table structure for table `enterpriseaddresses`
--

CREATE TABLE `enterpriseaddresses` (
  `id` int(11) NOT NULL,
  `city` varchar(255) DEFAULT NULL,
  `state` varchar(255) NOT NULL,
  `pincode` int(11) NOT NULL,
  `address` varchar(255) NOT NULL,
  `enterpriseId` int(11) DEFAULT NULL,
  `createdAt` datetime NOT NULL,
  `updatedAt` datetime NOT NULL
) ENGINE=InnoDB DEFAULT CHARSET=utf8mb4 COLLATE=utf8mb4_general_ci;

-- --------------------------------------------------------

--
-- Table structure for table `enterprises`
--

CREATE TABLE `enterprises` (
  `id` int(11) NOT NULL,
  `enterpriseName` varchar(255) DEFAULT NULL,
  `enterpriseIndustry` varchar(255) DEFAULT NULL,
  `founderYear` int(11) DEFAULT NULL,
  `website` varchar(255) DEFAULT NULL,
  `description` varchar(255) DEFAULT NULL,
  `employeeCount` int(11) DEFAULT NULL,
  `superAdminName` varchar(255) NOT NULL,
  `status` int(11) NOT NULL,
  `createdAt` datetime NOT NULL,
  `updatedAt` datetime NOT NULL
) ENGINE=InnoDB DEFAULT CHARSET=utf8mb4 COLLATE=utf8mb4_general_ci;

-- --------------------------------------------------------

--
-- Table structure for table `enterpriseusers`
--

CREATE TABLE `enterpriseusers` (
  `id` int(11) NOT NULL,
  `username` varchar(255) NOT NULL,
  `email` varchar(255) DEFAULT NULL,
  `firstName` varchar(255) NOT NULL,
  `lastName` varchar(255) NOT NULL,
  `password` varchar(255) NOT NULL,
  `parentId` int(11) DEFAULT NULL,
  `enterpriseId` int(11) DEFAULT NULL,
  `roleId` int(11) DEFAULT NULL,
  `createdAt` datetime NOT NULL,
  `updatedAt` datetime NOT NULL
) ENGINE=InnoDB DEFAULT CHARSET=utf8mb4 COLLATE=utf8mb4_general_ci;

-- --------------------------------------------------------

--
-- Table structure for table `invites`
--

CREATE TABLE `invites` (
  `id` int(11) NOT NULL,
  `email` varchar(255) DEFAULT NULL,
  `userRole` varchar(255) DEFAULT NULL,
  `status` tinyint(4) DEFAULT 0,
  `enterpriseId` int(11) DEFAULT NULL,
  `createdAt` datetime NOT NULL,
  `updatedAt` datetime NOT NULL
) ENGINE=InnoDB DEFAULT CHARSET=utf8mb4 COLLATE=utf8mb4_general_ci;

-- --------------------------------------------------------

--
-- Table structure for table `modeldata`
--

CREATE TABLE `modeldata` (
  `id` int(11) NOT NULL COMMENT 'Unique identifier for the Image.',
  `userId` int(11) DEFAULT NULL COMMENT 'Foreign key referencing the associated User. Indicates the User who is logged in and whose objectValues are being considered.',
  `modelId` int(11) DEFAULT NULL,
  `objectId` int(11) DEFAULT NULL COMMENT 'Foreign key referencing the associated Object. Indicates the Model for which the object id is stored.',
  `classId` int(11) DEFAULT NULL COMMENT 'Foreign key referencing the associated Class. Indicates the Class to which the image belongs.',
  `createdAt` datetime NOT NULL,
  `updatedAt` datetime NOT NULL
) ENGINE=InnoDB DEFAULT CHARSET=utf8mb4 COLLATE=utf8mb4_general_ci;

--
-- Dumping data for table `modeldata`
--

INSERT INTO `modeldata` (`id`, `userId`, `modelId`, `objectId`, `classId`, `createdAt`, `updatedAt`) VALUES
(1, 1, 1, 1, 1, '2024-02-02 16:56:47', '2024-02-02 16:56:47'),
(2, 1, 3, 1, 1, '2024-02-12 19:26:51', '2024-02-12 19:26:51'),
(3, 1, 3, 1, 1, '2024-02-12 19:27:26', '2024-02-12 19:27:26'),
(4, 1, 3, 1, 1, '2024-02-12 19:48:41', '2024-02-12 19:48:41'),
(5, 1, 3, 1, 1, '2024-02-12 19:59:12', '2024-02-12 19:59:12'),
(6, 1, 3, 1, 1, '2024-02-12 20:01:57', '2024-02-12 20:01:57');

-- --------------------------------------------------------

--
-- Table structure for table `modelobjectimages`
--

CREATE TABLE `modelobjectimages` (
  `id` int(11) NOT NULL,
  `modelDataId` int(11) DEFAULT NULL COMMENT 'Foreign key referencing the associated ModelData. Indicates the ModelData to which the url belongs.',
  `type` enum('test','production') DEFAULT 'test',
  `url` varchar(255) NOT NULL,
  `testRanCount` int(11) DEFAULT NULL,
  `createdAt` datetime NOT NULL,
  `updatedAt` datetime NOT NULL
) ENGINE=InnoDB DEFAULT CHARSET=utf8mb4 COLLATE=utf8mb4_general_ci;

--
-- Dumping data for table `modelobjectimages`
--

INSERT INTO `modelobjectimages` (`id`, `modelDataId`, `type`, `url`, `testRanCount`, `createdAt`, `updatedAt`) VALUES
(1, 1, 'test', 'https://www.shutterstock.com/image-vector/earth-crack-isolated-on-background-260nw-249725827.jpg', NULL, '2024-02-02 16:56:47', '2024-02-02 16:56:47'),
(2, 1, 'test', 'https://cdn3.vectorstock.com/i/1000x1000/19/67/sketch-crack-texture-isolated-on-transparent-vector-21611967.jpg', NULL, '2024-02-02 16:56:47', '2024-02-02 16:56:47'),
(3, 3, 'test', 'https://www.shutterstock.com/shutterstock/photos/2101434295/display_1500/stock-photo-grey-plaster-facade-house-wall-with-dark-cracks-2101434295.jpg', NULL, '2024-02-12 19:27:27', '2024-02-12 19:27:27'),
(4, 3, 'test', 'https://www.shutterstock.com/hi/image-photo/texture-wall-concrete-can-be-used-1823883050', NULL, '2024-02-12 19:27:27', '2024-02-12 19:27:27'),
(5, 4, 'test', 'https://www.shutterstock.com/shutterstock/photos/1823883050/display_1500/stock-photo-texture-wall-concrete-it-can-be-used-as-a-background-wall-fragment-with-scratches-and-cracks-1823883050.jpg', NULL, '2024-02-12 19:48:41', '2024-02-12 19:48:41'),
(6, 5, 'test', 'https://www.shutterstock.com/shutterstock/photos/2261954029/display_1500/stock-photo-texture-of-cracked-and-rusted-silver-painted-metal-car-s-side-door-wall-decay-crash-automobile-2261954029.jpg', NULL, '2024-02-12 19:59:12', '2024-02-12 19:59:12'),
(7, 5, 'test', 'https://www.shutterstock.com/shutterstock/photos/2259047469/display_1500/stock-photo-texture-of-cracked-and-rusted-silver-painted-metal-car-s-side-door-wall-decay-crash-automobile-2259047469.jpg', NULL, '2024-02-12 19:59:12', '2024-02-12 19:59:12'),
(8, 5, 'test', 'https://www.shutterstock.com/shutterstock/photos/636341687/display_1500/stock-photo-old-whitewash-background-with-cracks-and-scratches-636341687.jpg', NULL, '2024-02-12 19:59:12', '2024-02-12 19:59:12'),
(9, 6, 'test', 'https://www.shutterstock.com/shutterstock/photos/2355081191/display_1500/stock-photo-white-body-car-get-damaged-because-of-accident-with-dent-and-cracked-surface-2355081191.jpg', NULL, '2024-02-12 20:01:57', '2024-02-12 20:01:57'),
(10, 6, 'production', 'https://www.shutterstock.com/shutterstock/photos/2137651869/display_1500/stock-photo-car-door-panels-with-cracked-paint-surfaces-and-are-fading-away-waiting-for-repair-from-the-paint-2137651869.jpg', NULL, '2024-02-12 20:01:57', '2024-02-12 20:01:57'),
(11, 6, 'production', 'https://www.shutterstock.com/shutterstock/photos/94645123/display_1500/stock-photo-cracked-paint-on-car-fender-94645123.jpg', NULL, '2024-02-12 20:01:57', '2024-02-12 20:01:57'),
(12, 6, 'production', 'https://www.shutterstock.com/shutterstock/photos/1257991732/display_1500/stock-photo-car-crash-damage-details-and-bodywork-1257991732.jpg', NULL, '2024-02-12 20:01:57', '2024-02-12 20:01:57'),
(13, 6, 'production', 'https://www.shutterstock.com/shutterstock/photos/2114247230/display_1500/stock-photo-the-surface-of-the-broken-color-on-car-door-green-colored-metal-cracks-background-2114247230.jpg', NULL, '2024-02-12 20:01:57', '2024-02-12 20:01:57');

-- --------------------------------------------------------

--
-- Table structure for table `models`
--

CREATE TABLE `models` (
  `id` int(11) NOT NULL,
  `modelName` varchar(255) NOT NULL,
  `modelTitle` varchar(255) DEFAULT NULL,
  `modelSubTitle` varchar(255) DEFAULT NULL,
  `howItWorks` text DEFAULT NULL,
  `benefits` longtext CHARACTER SET utf8mb4 COLLATE utf8mb4_bin DEFAULT NULL CHECK (json_valid(`benefits`)),
  `iconUrl` varchar(255) DEFAULT NULL,
  `createdAt` datetime NOT NULL,
  `updatedAt` datetime NOT NULL
) ENGINE=InnoDB DEFAULT CHARSET=utf8mb4 COLLATE=utf8mb4_general_ci;

--
-- Dumping data for table `models`
--

INSERT INTO `models` (`id`, `modelName`, `modelTitle`, `modelSubTitle`, `howItWorks`, `benefits`, `iconUrl`, `createdAt`, `updatedAt`) VALUES
(1, 'Workplace Safety Detection', 'Model Details', 'Workplace Safety Detection', 'Workplace Safety detection technique.', '{\"1\":\"beautify\",\"2\":\"fix\"}', 'workplace.jpeg', '2024-01-18 09:41:14', '2024-01-18 09:41:14'),
(2, 'Crystallization Detection', 'Crystallization Detection', 'Crystallization Detection', 'Lorem Ipsum is simply dummy text of the printing and typesetting industry. Lorem Ipsum has been the industry\'s standard dummy text ever since the 1500s', '{\"1\":\"Typesetting industry\",\"2\":\"Lorem Ipsum is simply dummy\",\"3\":\"Text of the printing\",\"4\":\"simply dummy benefits\"}', 'workplace.jpeg', '2024-01-31 19:17:35', '2024-01-31 19:17:35'),
(3, 'Crack Detection', 'Crack Detection', 'Crack Detection', 'Lorem Ipsum is simply dummy text of the printing and typesetting industry. Lorem Ipsum has been the industry\'s standard dummy text ever since the 1500s', '{\"1\":\"Typesetting industry\",\"2\":\"Lorem Ipsum is simply dummy\",\"3\":\"Text of the printing\",\"4\":\"simply dummy benefits\",\"5\":\"Typesetting industry\",\"6\":\"Lorem Ipsum is simply dummy\",\"7\":\"Text of the printing\",\"8\":\"simply dummy benefits\"}', 'crack-detection-large.svg', '2024-02-01 07:02:55', '2024-02-01 07:02:55');

-- --------------------------------------------------------

--
-- Table structure for table `objects`
--

CREATE TABLE `objects` (
  `id` int(11) NOT NULL,
  `serialId` varchar(255) NOT NULL,
  `classId` int(11) DEFAULT NULL,
  `superParentId` int(11) DEFAULT NULL,
  `parentId` int(11) DEFAULT NULL,
  `createdAt` datetime NOT NULL,
  `updatedAt` datetime NOT NULL
) ENGINE=InnoDB DEFAULT CHARSET=utf8mb4 COLLATE=utf8mb4_general_ci;

--
-- Dumping data for table `objects`
--

INSERT INTO `objects` (`id`, `serialId`, `classId`, `superParentId`, `parentId`, `createdAt`, `updatedAt`) VALUES
(1, 'gGxdU', 1, NULL, NULL, '2024-01-04 16:04:19', '2024-01-04 16:04:19'),
(2, '1Wo8w', 1, NULL, NULL, '2024-01-04 16:08:00', '2024-01-04 16:08:00'),
(3, 'Rp0MU', 1, NULL, NULL, '2024-01-04 16:08:09', '2024-01-04 16:08:09'),
(5, 'FtxMp', 2, NULL, NULL, '2024-01-05 04:54:17', '2024-01-05 04:54:17'),
(7, '6ILEJ', 4, NULL, NULL, '2024-01-08 18:00:19', '2024-01-08 18:00:19'),
(8, 'bTvTV', 4, NULL, NULL, '2024-01-08 18:01:10', '2024-01-08 18:01:10'),
(12, 'mh6qy', 2, NULL, NULL, '2024-01-08 18:31:32', '2024-01-08 18:31:32'),
(13, 'A98C0', 2, NULL, NULL, '2024-01-08 18:32:11', '2024-01-08 18:32:11'),
(14, 'MyHCM', 5, NULL, NULL, '2024-01-18 04:49:21', '2024-01-18 04:49:21'),
(17, 'ymTA1', 5, NULL, NULL, '2024-01-29 17:23:17', '2024-01-29 17:23:17'),
(19, 'r4m8h', 5, NULL, NULL, '2024-01-30 06:39:49', '2024-01-30 06:39:49'),
(21, 'IAwwA', 30, NULL, NULL, '2024-01-30 06:49:26', '2024-01-30 06:49:26'),
(22, 'OOPRw', 27, NULL, NULL, '2024-02-01 19:35:18', '2024-02-01 19:35:18'),
(23, 'KNw8x', 1, NULL, NULL, '2024-02-05 06:21:40', '2024-02-05 06:21:40'),
(24, 'NNSTk', 56, NULL, NULL, '2024-02-06 19:46:32', '2024-02-06 19:46:32'),
(26, 'SKw14', 57, NULL, NULL, '2024-02-07 04:30:25', '2024-02-07 04:30:25'),
(28, 'zBgd0', 56, NULL, NULL, '2024-02-07 06:42:34', '2024-02-07 06:42:34');

-- --------------------------------------------------------

--
-- Table structure for table `objectvalues`
--

CREATE TABLE `objectvalues` (
  `id` int(11) NOT NULL,
  `values` varchar(255) NOT NULL,
  `classTagId` int(11) DEFAULT NULL,
  `objectId` int(11) DEFAULT NULL,
  `createdAt` datetime NOT NULL,
  `updatedAt` datetime NOT NULL
) ENGINE=InnoDB DEFAULT CHARSET=utf8mb4 COLLATE=utf8mb4_general_ci;

--
-- Dumping data for table `objectvalues`
--

INSERT INTO `objectvalues` (`id`, `values`, `classTagId`, `objectId`, `createdAt`, `updatedAt`) VALUES
(1, 'TPC3305-01', 1, 1, '2024-01-04 16:04:19', '2024-01-19 17:08:43'),
(2, '3861 Scenic Hwy', 2, 1, '2024-01-04 16:04:19', '2024-01-19 11:05:13'),
(3, 'Baton Rouge', 3, 1, '2024-01-04 16:04:19', '2024-01-19 11:04:53'),
(4, 'Louisana', 4, 1, '2024-01-04 16:04:19', '2024-01-19 11:04:53'),
(5, '70805', 5, 1, '2024-01-04 16:04:19', '2024-01-19 11:05:13'),
(6, 'United States', 6, 1, '2024-01-04 16:04:19', '2024-01-19 11:04:53'),
(7, 'Tepco Petroleum', 7, 1, '2024-01-04 16:04:19', '2024-01-19 11:04:53'),
(9, 'TPC3305-02', 1, 2, '2024-01-04 16:08:00', '2024-01-04 16:08:00'),
(10, '3861 Scenic Hwy', 2, 2, '2024-01-04 16:08:00', '2024-01-04 16:08:00'),
(11, 'Baton Rouge', 3, 2, '2024-01-04 16:08:00', '2024-01-04 16:08:00'),
(12, 'Louisana', 4, 2, '2024-01-04 16:08:00', '2024-01-04 16:08:00'),
(13, '70805', 5, 2, '2024-01-04 16:08:00', '2024-01-04 16:08:00'),
(14, 'United States', 6, 2, '2024-01-04 16:08:00', '2024-01-04 16:08:00'),
(15, 'Tepco Petroleum', 7, 2, '2024-01-04 16:08:00', '2024-01-04 16:08:00'),
(17, 'TPC71810-01', 1, 3, '2024-01-04 16:08:09', '2024-01-29 18:51:05'),
(18, '22712 206th Ave N', 2, 3, '2024-01-04 16:08:09', '2024-01-04 16:08:09'),
(19, 'Cordova', 3, 3, '2024-01-04 16:08:09', '2024-01-04 16:08:09'),
(20, 'Illinios', 4, 3, '2024-01-04 16:08:09', '2024-01-04 16:08:09'),
(21, '61242', 5, 3, '2024-01-04 16:08:09', '2024-01-04 16:08:09'),
(22, 'United States', 6, 3, '2024-01-04 16:08:09', '2024-01-04 16:08:09'),
(23, 'Tepco Nuclear Energy', 7, 3, '2024-01-04 16:08:09', '2024-01-29 18:50:49'),
(33, 'TPC3305-02', 9, 5, '2024-01-05 04:54:17', '2024-01-19 11:03:16'),
(34, '3861 Scenic Hwy', 10, 5, '2024-01-05 04:54:17', '2024-01-19 11:03:16'),
(35, 'Baton Rouge', 11, 5, '2024-01-05 04:54:17', '2024-01-19 11:03:16'),
(36, 'Louisana', 12, 5, '2024-01-05 04:54:17', '2024-01-19 11:03:16'),
(37, '70805', 13, 5, '2024-01-05 04:54:17', '2024-01-19 11:03:16'),
(38, 'United States', 14, 5, '2024-01-05 04:54:17', '2024-01-19 11:03:16'),
(39, 'Tepco Petroleum', 15, 5, '2024-01-05 04:54:17', '2024-01-19 11:03:16'),
(45, 'NEC1TT01522', 21, 7, '2024-01-08 18:00:19', '2024-01-08 18:00:19'),
(46, '5PVBN3TK3R6Y67222', 22, 7, '2024-01-08 18:00:19', '2024-01-08 18:00:19'),
(47, 'Bridgestone', 23, 7, '2024-01-08 18:00:19', '2024-01-08 18:00:19'),
(48, 'FOR08156705', 24, 7, '2024-01-08 18:00:19', '2024-01-08 18:00:19'),
(49, 'Front', 25, 7, '2024-01-08 18:00:19', '2024-01-08 18:00:19'),
(50, '4445', 26, 7, '2024-01-08 18:00:19', '2024-01-08 18:00:19'),
(51, 'NEC1TT09803', 21, 8, '2024-01-08 18:01:10', '2024-01-08 18:01:10'),
(52, '5PVBN3TK3R6Y67222', 22, 8, '2024-01-08 18:01:10', '2024-01-08 18:01:10'),
(53, 'Bridgestone', 23, 8, '2024-01-08 18:01:10', '2024-01-08 18:01:10'),
(54, 'RER08157096', 24, 8, '2024-01-08 18:01:10', '2024-01-08 18:01:10'),
(55, 'Rear', 25, 8, '2024-01-08 18:01:10', '2024-01-08 18:01:10'),
(56, '4750', 26, 8, '2024-01-08 18:01:10', '2024-01-08 18:01:10'),
(72, '5PVBE7AJ8R5T50007', 9, 12, '2024-01-08 18:31:32', '2024-01-08 18:31:32'),
(73, '2023-05-29', 10, 12, '2024-01-08 18:31:32', '2024-01-08 18:31:32'),
(74, 'GS450', 11, 12, '2024-01-08 18:31:32', '2024-01-08 18:31:32'),
(75, 'Mineral Wells', 12, 12, '2024-01-08 18:31:32', '2024-01-08 18:31:32'),
(76, '104CY2231', 13, 12, '2024-01-08 18:31:32', '2024-01-08 18:31:32'),
(77, '2022', 14, 12, '2024-01-08 18:31:32', '2024-01-08 18:31:32'),
(78, 'ICE', 15, 12, '2024-01-08 18:31:32', '2024-01-08 18:31:32'),
(79, '5PVBN3TK3R6Y67222', 9, 13, '2024-01-08 18:32:11', '2024-01-08 18:32:11'),
(80, '2023-05-29', 10, 13, '2024-01-08 18:32:11', '2024-01-08 18:32:11'),
(81, 'EX-F', 11, 13, '2024-01-08 18:32:11', '2024-01-08 18:32:11'),
(82, 'Virginia', 12, 13, '2024-01-08 18:32:11', '2024-01-08 18:32:11'),
(83, '104FG2001', 13, 13, '2024-01-08 18:32:11', '2024-01-08 18:32:11'),
(84, '2023', 14, 13, '2024-01-08 18:32:11', '2024-01-08 18:32:11'),
(85, 'EV', 15, 13, '2024-01-08 18:32:11', '2024-01-08 18:32:11'),
(86, 'TPC71810-01-01', 27, 14, '2024-01-18 04:49:21', '2024-01-29 18:34:52'),
(87, 'TPC3305-01', 28, 14, '2024-01-18 04:49:21', '2024-02-01 05:25:15'),
(88, 'Power Generator Engine', 29, 14, '2024-01-18 04:49:21', '2024-01-29 18:34:52'),
(89, '1', 30, 14, '2024-01-18 04:49:21', '2024-01-29 18:34:52'),
(90, 'PGER', 31, 14, '2024-01-18 04:49:21', '2024-01-29 19:11:13'),
(91, 'North', 32, 14, '2024-01-18 04:49:21', '2024-01-29 18:34:52'),
(106, 'TPC71810-01-02', 27, 17, '2024-01-29 17:23:17', '2024-01-29 17:23:17'),
(107, 'TPC3305-01', 28, 17, '2024-01-29 17:23:17', '2024-02-01 05:24:58'),
(108, 'Power Generator Engine', 29, 17, '2024-01-29 17:23:17', '2024-01-29 17:23:17'),
(109, '1', 30, 17, '2024-01-29 17:23:17', '2024-02-01 19:52:50'),
(110, 'PGERA', 31, 17, '2024-01-29 17:23:17', '2024-01-29 19:10:53'),
(111, 'South', 32, 17, '2024-01-29 17:23:17', '2024-01-29 19:11:22'),
(119, 'TPC71810-01-01-9', 27, 19, '2024-01-30 06:39:49', '2024-02-06 20:10:08'),
(120, 'TPC3305-01', 28, 19, '2024-01-30 06:39:49', '2024-02-01 05:24:43'),
(121, 'Power Generator Engine ', 29, 19, '2024-01-30 06:39:49', '2024-02-06 20:10:26'),
(122, '6', 30, 19, '2024-01-30 06:39:49', '2024-02-01 19:51:47'),
(123, 'PGERA', 31, 19, '2024-01-30 06:39:49', '2024-02-01 19:50:10'),
(124, 'NORTH', 32, 19, '2024-01-30 06:39:49', '2024-01-30 06:39:49'),
(126, 'ABC', 178, 21, '2024-01-30 06:49:26', '2024-01-30 06:49:26'),
(127, 'SW-123456-10', 166, 22, '2024-02-01 19:35:18', '2024-02-01 19:35:18'),
(128, 'TPC3305-02', 167, 22, '2024-02-01 19:35:18', '2024-02-01 19:35:18'),
(129, 'TPC3305-02', 1, 22, '2024-02-01 19:35:18', '2024-02-01 19:35:18'),
(130, 'TPC71810-04', 1, 23, '2024-02-05 06:21:40', '2024-02-05 06:21:40'),
(131, '21th AVE North', 2, 23, '2024-02-05 06:21:40', '2024-02-05 06:21:40'),
(132, 'City', 3, 23, '2024-02-05 06:21:40', '2024-02-05 06:21:40'),
(133, 'State', 4, 23, '2024-02-05 06:21:40', '2024-02-05 06:21:40'),
(134, '12345', 5, 23, '2024-02-05 06:21:40', '2024-02-05 06:21:40'),
(135, 'United States of America1', 6, 23, '2024-02-05 06:21:40', '2024-02-06 19:45:44'),
(136, 'Nuclear Power Energy', 7, 23, '2024-02-05 06:21:40', '2024-02-05 06:21:59'),
(137, 'TPC1', 267, 24, '2024-02-06 19:46:32', '2024-02-06 19:46:32'),
(138, 'ABC', 268, 24, '2024-02-06 19:46:32', '2024-02-06 19:46:32'),
(139, 'ABC', 269, 24, '2024-02-06 19:46:32', '2024-02-06 19:46:32'),
(140, 'RZ', 270, 24, '2024-02-06 19:46:32', '2024-02-06 19:46:32'),
(141, '123457', 271, 24, '2024-02-06 19:46:32', '2024-02-06 19:46:44'),
(142, 'USA', 272, 24, '2024-02-06 19:46:32', '2024-02-06 19:46:32'),
(149, 'ABCDE-123', 273, 26, '2024-02-07 04:30:25', '2024-02-07 06:46:33'),
(150, '1979--111', 274, 26, '2024-02-07 04:30:25', '2024-02-07 06:46:33'),
(151, 'Lorem ipsum is a dummy text --111', 275, 26, '2024-02-07 04:30:25', '2024-02-07 06:46:33'),
(155, 'TPC3', 267, 28, '2024-02-07 06:42:34', '2024-02-07 06:42:34'),
(156, 'ABCD', 268, 28, '2024-02-07 06:42:34', '2024-02-07 06:42:34'),
(157, 'ABCD', 269, 28, '2024-02-07 06:42:34', '2024-02-07 06:42:34'),
(158, 'ASSSS', 270, 28, '2024-02-07 06:42:34', '2024-02-07 06:42:34'),
(159, '12345', 271, 28, '2024-02-07 06:42:34', '2024-02-07 06:42:34'),
(160, 'US', 272, 28, '2024-02-07 06:42:34', '2024-02-07 06:42:34');

-- --------------------------------------------------------

--
-- Table structure for table `otpverifies`
--

CREATE TABLE `otpverifies` (
  `id` int(11) NOT NULL,
  `email` varchar(255) NOT NULL,
  `type` varchar(255) DEFAULT NULL,
  `otp` int(11) DEFAULT NULL,
  `isVerified` tinyint(1) DEFAULT 0,
  `createdAt` datetime NOT NULL,
  `updatedAt` datetime NOT NULL
) ENGINE=InnoDB DEFAULT CHARSET=utf8mb4 COLLATE=utf8mb4_general_ci;

-- --------------------------------------------------------

--
-- Table structure for table `parentjoinkeys`
--

CREATE TABLE `parentjoinkeys` (
  `id` int(11) NOT NULL,
  `classId` int(11) DEFAULT NULL,
  `parentTagId` int(11) DEFAULT NULL,
  `createdAt` datetime NOT NULL,
  `updatedAt` datetime NOT NULL
) ENGINE=InnoDB DEFAULT CHARSET=utf8mb4 COLLATE=utf8mb4_general_ci;

--
-- Dumping data for table `parentjoinkeys`
--

INSERT INTO `parentjoinkeys` (`id`, `classId`, `parentTagId`, `createdAt`, `updatedAt`) VALUES
(1, 3, 9, '2024-01-04 04:36:51', '2024-01-04 04:36:51'),
(2, 4, 9, '2024-01-04 04:37:01', '2024-01-04 04:37:01'),
(3, 5, 1, '2024-01-04 04:37:10', '2024-01-04 04:37:10'),
(4, 6, 1, '2024-01-04 04:37:19', '2024-01-04 04:37:19'),
(5, 8, 1, '2024-01-04 19:05:14', '2024-01-04 19:05:14'),
(10, 27, 1, '2024-01-29 18:23:42', '2024-01-29 18:23:42'),
(11, 30, 1, '2024-01-30 06:47:17', '2024-01-30 06:47:17'),
(12, 31, 173, '2024-01-30 18:29:52', '2024-01-30 18:29:52'),
(14, 33, 188, '2024-02-01 14:10:13', '2024-02-01 14:10:13'),
(16, 35, 195, '2024-02-01 14:37:39', '2024-02-01 14:37:39'),
(17, 36, 173, '2024-02-01 14:39:27', '2024-02-01 14:39:27'),
(18, 37, 176, '2024-02-01 14:41:15', '2024-02-01 14:41:15'),
(19, 38, 173, '2024-02-01 17:35:33', '2024-02-01 17:35:33'),
(20, 41, 207, '2024-02-01 19:23:14', '2024-02-01 19:23:14'),
(21, 44, 228, '2024-02-05 07:28:57', '2024-02-05 07:28:57'),
(22, 57, 267, '2024-02-06 17:52:56', '2024-02-06 17:52:56'),
(23, 58, 267, '2024-02-06 17:57:30', '2024-02-06 17:57:30'),
(33, 68, 267, '2024-02-06 19:08:10', '2024-02-06 19:08:10'),
(35, 71, 298, '2024-02-07 06:50:08', '2024-02-07 06:50:08'),
(36, 69, 270, '2024-02-12 10:50:43', '2024-02-12 10:50:43'),
(53, 72, 271, '2024-02-12 18:46:03', '2024-02-12 18:46:03'),
(54, 72, 303, '2024-02-12 18:46:03', '2024-02-12 18:46:03'),
(55, 72, 305, '2024-02-12 18:46:03', '2024-02-12 18:46:03'),
(61, 73, 267, '2024-02-12 18:52:48', '2024-02-12 18:52:48'),
(62, 73, 269, '2024-02-12 18:52:48', '2024-02-12 18:52:48'),
(63, 73, 308, '2024-02-12 18:52:48', '2024-02-12 18:52:48');

-- --------------------------------------------------------

--
-- Table structure for table `phonerecords`
--

CREATE TABLE `phonerecords` (
  `id` int(11) NOT NULL,
  `userId` int(11) DEFAULT NULL,
  `countryCodeId` int(11) DEFAULT NULL,
  `phoneNumber` varchar(255) NOT NULL,
  `isPrimary` tinyint(1) DEFAULT NULL,
  `isActive` tinyint(1) DEFAULT NULL,
  `createdAt` datetime NOT NULL,
  `updatedAt` datetime NOT NULL
) ENGINE=InnoDB DEFAULT CHARSET=utf8mb4 COLLATE=utf8mb4_general_ci;

--
-- Dumping data for table `phonerecords`
--

INSERT INTO `phonerecords` (`id`, `userId`, `countryCodeId`, `phoneNumber`, `isPrimary`, `isActive`, `createdAt`, `updatedAt`) VALUES
(1, 1, 91, '9571373757', NULL, NULL, '2023-12-29 05:42:28', '2023-12-29 05:42:28');

-- --------------------------------------------------------

--
-- Table structure for table `purchasehistories`
--

CREATE TABLE `purchasehistories` (
  `id` int(11) NOT NULL,
  `userId` int(11) DEFAULT NULL COMMENT 'Foreign key referencing the associated User. Represents the user whose purchased history is saved.',
  `modelId` int(11) DEFAULT NULL COMMENT 'Foreign key referencing the associated Model. Indicates the model for which the purchase history is being recorded.',
  `subscriptionId` int(11) DEFAULT NULL COMMENT 'Foreign key referencing the associated Subscription. Indicates the subscription for which the user has made a purchase, recorded in the purchase history table for future reference.',
  `paymentStatus` enum('active','inactive') DEFAULT 'inactive',
  `expireDate` datetime NOT NULL,
  `createdAt` datetime NOT NULL,
  `updatedAt` datetime NOT NULL
) ENGINE=InnoDB DEFAULT CHARSET=utf8mb4 COLLATE=utf8mb4_general_ci;

-- --------------------------------------------------------

--
-- Table structure for table `reasons`
--

CREATE TABLE `reasons` (
  `id` int(11) NOT NULL,
  `Reason` varchar(255) NOT NULL,
  `isActive` tinyint(1) DEFAULT NULL,
  `createdAt` datetime NOT NULL,
  `updatedAt` datetime NOT NULL
) ENGINE=InnoDB DEFAULT CHARSET=utf8mb4 COLLATE=utf8mb4_general_ci;

--
-- Dumping data for table `reasons`
--

INSERT INTO `reasons` (`id`, `Reason`, `isActive`, `createdAt`, `updatedAt`) VALUES
(1, 'Reason 1', 1, '2023-12-29 05:42:27', '2023-12-29 05:42:27'),
(2, 'Reason 2', 1, '2023-12-29 05:42:27', '2023-12-29 05:42:27'),
(3, 'Reason 3', 0, '2023-12-29 05:42:28', '2023-12-29 05:42:28');

-- --------------------------------------------------------

--
-- Table structure for table `roles`
--

CREATE TABLE `roles` (
  `id` int(11) NOT NULL,
  `name` varchar(255) NOT NULL,
  `isActive` tinyint(1) DEFAULT NULL,
  `routeId` longtext CHARACTER SET utf8mb4 COLLATE utf8mb4_bin NOT NULL CHECK (json_valid(`routeId`)),
  `createdAt` datetime NOT NULL,
  `updatedAt` datetime NOT NULL
) ENGINE=InnoDB DEFAULT CHARSET=utf8mb4 COLLATE=utf8mb4_general_ci;

--
-- Dumping data for table `roles`
--

INSERT INTO `roles` (`id`, `name`, `isActive`, `routeId`, `createdAt`, `updatedAt`) VALUES
(1, 'IndividualUser', 1, '[1,2,3,4,5,6,7,8,9,10,11,12,13,14,15,16,17,18,19,20,21,22,23,24]', '2023-12-29 05:42:13', '2023-12-29 05:42:13'),
(2, 'EnterpriseUser', 1, '[3,4,5,6,11,12,13,14,15,16,17,18,19,20,21,22,23,24,25,26,27,28,29,30,31,32,33,34]', '2023-12-29 05:42:13', '2023-12-29 05:42:13'),
(3, 'EopsAdmin', 1, '[1,2,3,4,5,6,7,8,9,10,11,12,13,14,15,16,17,18,19,20,21,22,23,24,25,26,27,28,29,30,31,32,33,34]', '2023-12-29 05:42:13', '2023-12-29 05:42:13'),
(4, 'EnterpriseAdmin', 1, '[3,4,5,6,11,12,13,14,15,16,17,18,19,20,21,22,23,24,25,26,27,28,29,30,31,32,33,34]', '2023-12-29 05:42:13', '2023-12-29 05:42:13');

-- --------------------------------------------------------

--
-- Table structure for table `routes`
--

CREATE TABLE `routes` (
  `id` int(11) NOT NULL,
  `routeName` varchar(255) NOT NULL,
  `isActive` tinyint(1) DEFAULT NULL,
  `createdAt` datetime NOT NULL,
  `updatedAt` datetime NOT NULL,
  `RoleId` int(11) DEFAULT NULL
) ENGINE=InnoDB DEFAULT CHARSET=utf8mb4 COLLATE=utf8mb4_general_ci;

--
-- Dumping data for table `routes`
--

INSERT INTO `routes` (`id`, `routeName`, `isActive`, `createdAt`, `updatedAt`, `RoleId`) VALUES
(1, '/api/createUsers', 1, '2023-12-29 05:42:11', '2023-12-29 05:42:11', NULL),
(2, '/api/signIn', 1, '2023-12-29 05:42:11', '2023-12-29 05:42:11', NULL),
(3, '/api/generateOtp', 1, '2023-12-29 05:42:11', '2023-12-29 05:42:11', NULL),
(4, '/api/verifyOtp', 1, '2023-12-29 05:42:11', '2023-12-29 05:42:11', NULL),
(5, '/api/forgetPassword', 1, '2023-12-29 05:42:11', '2023-12-29 05:42:11', NULL),
(6, '/api/updatePassword', 1, '2023-12-29 05:42:11', '2023-12-29 05:42:11', NULL),
(7, '/api/updateUsers', 1, '2023-12-29 05:42:11', '2023-12-29 05:42:11', NULL),
(8, '/api/getUsers', 1, '2023-12-29 05:42:11', '2023-12-29 05:42:11', NULL),
(9, '/api/getAllUsers', 1, '2023-12-29 05:42:11', '2023-12-29 05:42:11', NULL),
(10, '/api/deleteUsers', 1, '2023-12-29 05:42:11', '2023-12-29 05:42:11', NULL),
(11, '/api/createClasses', 1, '2023-12-29 05:42:11', '2023-12-29 05:42:11', NULL),
(12, '/api/createObjects', 1, '2023-12-29 05:42:12', '2023-12-29 05:42:12', NULL),
(13, '/api/getAssets', 1, '2023-12-29 05:42:12', '2023-12-29 05:42:12', NULL),
(14, '/api/getAssetById', 1, '2023-12-29 05:42:12', '2023-12-29 05:42:12', NULL),
(15, '/api/getChildAssets', 1, '2023-12-29 05:42:12', '2023-12-29 05:42:12', NULL),
(16, '/api/getDataType', 1, '2023-12-29 05:42:12', '2023-12-29 05:42:12', NULL),
(17, '/api/getObjects', 1, '2023-12-29 05:42:12', '2023-12-29 05:42:12', NULL),
(18, '/api/getObjectById', 1, '2023-12-29 05:42:12', '2023-12-29 05:42:12', NULL),
(19, '/api/updateAssets', 1, '2023-12-29 05:42:12', '2023-12-29 05:42:12', NULL),
(20, '/api/updateObjects', 1, '2023-12-29 05:42:12', '2023-12-29 05:42:12', NULL),
(21, '/api/deleteClasses', 1, '2023-12-29 05:42:12', '2023-12-29 05:42:12', NULL),
(22, '/api/deleteObject', 1, '2023-12-29 05:42:12', '2023-12-29 05:42:12', NULL),
(23, '/api/deleteTag', 1, '2023-12-29 05:42:13', '2023-12-29 05:42:13', NULL),
(24, '/api/searchClass', 1, '2023-12-29 05:42:13', '2023-12-29 05:42:13', NULL),
(25, '/api/contactSales', 1, '2023-12-29 05:42:13', '2023-12-29 05:42:13', NULL),
(26, '/api/createRole', 1, '2023-12-29 05:42:13', '2023-12-29 05:42:13', NULL),
(27, '/api/getRoles', 1, '2023-12-29 05:42:13', '2023-12-29 05:42:13', NULL),
(28, '/api/updateRole', 1, '2023-12-29 05:42:13', '2023-12-29 05:42:13', NULL),
(29, '/api/deleteRole', 1, '2023-12-29 05:42:13', '2023-12-29 05:42:13', NULL),
(30, '/api/createEnterpriseUser', 1, '2023-12-29 05:42:13', '2023-12-29 05:42:13', NULL),
(31, '/api/createEnterprise', 1, '2023-12-29 05:42:13', '2023-12-29 05:42:13', NULL),
(32, '/api/getEnterpriseUser', 1, '2023-12-29 05:42:13', '2023-12-29 05:42:13', NULL),
(33, '/api/updateEnterpriseUser', 1, '2023-12-29 05:42:13', '2023-12-29 05:42:13', NULL),
(34, '/api/deleteEnterpriseUser', 1, '2023-12-29 05:42:13', '2023-12-29 05:42:13', NULL);

-- --------------------------------------------------------

--
-- Table structure for table `subscriptions`
--

CREATE TABLE `subscriptions` (
  `id` int(11) NOT NULL,
  `userId` int(11) DEFAULT NULL COMMENT 'Foreign key referencing the associated User. Represents the user whose subscription data is saved.',
  `modelId` int(11) DEFAULT NULL COMMENT 'Foreign key referencing the associated Model. Indicates the model for which the user has taken a subscription.',
  `status` enum('active','inactive') DEFAULT 'inactive',
  `autoRenew` enum('on','off') DEFAULT 'off' COMMENT 'Indicates whether the user has opted for automatic subscription renewal. ''on'' means auto-renewal is enabled, ''off'' means it''s disabled.',
  `expireDate` datetime NOT NULL COMMENT 'Date when the subscription is set to expire.',
  `createdAt` datetime NOT NULL,
  `updatedAt` datetime NOT NULL
) ENGINE=InnoDB DEFAULT CHARSET=utf8mb4 COLLATE=utf8mb4_general_ci;

-- --------------------------------------------------------

--
-- Table structure for table `tagdatatypes`
--

CREATE TABLE `tagdatatypes` (
  `id` int(11) NOT NULL,
  `name` varchar(255) NOT NULL,
  `type` varchar(255) NOT NULL,
  `description` varchar(255) NOT NULL,
  `isActive` tinyint(1) NOT NULL,
  `createdAt` datetime NOT NULL,
  `updatedAt` datetime NOT NULL
) ENGINE=InnoDB DEFAULT CHARSET=utf8mb4 COLLATE=utf8mb4_general_ci;

--
-- Dumping data for table `tagdatatypes`
--

INSERT INTO `tagdatatypes` (`id`, `name`, `type`, `description`, `isActive`, `createdAt`, `updatedAt`) VALUES
(1, 'int', 'int', 'This is int', 1, '2023-12-29 05:42:14', '2023-12-29 05:42:14'),
(2, 'float', 'float', 'This is float', 1, '2023-12-29 05:42:14', '2023-12-29 05:42:14'),
(3, 'bool', 'bool', 'This is bool', 1, '2023-12-29 05:42:14', '2023-12-29 05:42:14'),
(4, 'char', 'char', 'This is char', 1, '2023-12-29 05:42:14', '2023-12-29 05:42:14'),
(5, 'varchar', 'varchar', 'This is varchar', 1, '2023-12-29 05:42:14', '2023-12-29 05:42:14'),
(6, 'string', 'string', 'This is string', 1, '2023-12-29 05:42:14', '2023-12-29 05:42:14'),
(7, 'json', 'json', 'This is json', 0, '2023-12-29 05:42:14', '2023-12-29 05:42:14');

-- --------------------------------------------------------

--
-- Table structure for table `users`
--

CREATE TABLE `users` (
  `id` int(11) NOT NULL,
  `username` varchar(255) NOT NULL,
  `email` varchar(255) DEFAULT NULL,
  `firstName` varchar(255) NOT NULL,
  `lastName` varchar(255) NOT NULL,
  `roleId` int(11) DEFAULT NULL,
  `password` varchar(255) NOT NULL,
  `resetToken` varchar(255) DEFAULT NULL,
  `resetTokenExpires` datetime DEFAULT NULL,
  `createdAt` datetime NOT NULL,
  `updatedAt` datetime NOT NULL
) ENGINE=InnoDB DEFAULT CHARSET=utf8mb4 COLLATE=utf8mb4_general_ci;

--
-- Dumping data for table `users`
--

INSERT INTO `users` (`id`, `username`, `email`, `firstName`, `lastName`, `roleId`, `password`, `resetToken`, `resetTokenExpires`, `createdAt`, `updatedAt`) VALUES
(1, 'AmitPandey', 'amitpandey@shodat.com', 'Amit', 'Pandey', 1, '$2a$10$8rqaZ7qBpLqRcqUnQlANQeaMCOQCGJ24g.D5DjhiX76lFGEJkGqnq', NULL, NULL, '2023-12-29 05:42:28', '2023-12-29 05:42:28');

--
-- Indexes for dumped tables
--

--
-- Indexes for table `addresses`
--
ALTER TABLE `addresses`
  ADD PRIMARY KEY (`id`),
  ADD KEY `countryId` (`countryId`),
  ADD KEY `userId` (`userId`);

--
-- Indexes for table `classes`
--
ALTER TABLE `classes`
  ADD PRIMARY KEY (`id`),
  ADD KEY `enterpriseUserId` (`enterpriseUserId`),
  ADD KEY `enterpriseId` (`enterpriseId`),
  ADD KEY `userId` (`userId`);

--
-- Indexes for table `classtags`
--
ALTER TABLE `classtags`
  ADD PRIMARY KEY (`id`),
  ADD KEY `dataTypeId` (`dataTypeId`),
  ADD KEY `classId` (`classId`);

--
-- Indexes for table `companyrecords`
--
ALTER TABLE `companyrecords`
  ADD PRIMARY KEY (`id`),
  ADD KEY `userId` (`userId`);

--
-- Indexes for table `contactsales`
--
ALTER TABLE `contactsales`
  ADD PRIMARY KEY (`id`);

--
-- Indexes for table `countrycodemodels`
--
ALTER TABLE `countrycodemodels`
  ADD PRIMARY KEY (`id`);

--
-- Indexes for table `crackdetectionresponses`
--
ALTER TABLE `crackdetectionresponses`
  ADD PRIMARY KEY (`id`),
  ADD KEY `modelObjectImageId` (`modelObjectImageId`);

--
-- Indexes for table `deletetablerecords`
--
ALTER TABLE `deletetablerecords`
  ADD PRIMARY KEY (`id`),
  ADD KEY `reasonId` (`reasonId`);

--
-- Indexes for table `enterpriseaddresses`
--
ALTER TABLE `enterpriseaddresses`
  ADD PRIMARY KEY (`id`),
  ADD KEY `enterpriseId` (`enterpriseId`);

--
-- Indexes for table `enterprises`
--
ALTER TABLE `enterprises`
  ADD PRIMARY KEY (`id`);

--
-- Indexes for table `enterpriseusers`
--
ALTER TABLE `enterpriseusers`
  ADD PRIMARY KEY (`id`),
  ADD KEY `enterpriseId` (`enterpriseId`),
  ADD KEY `roleId` (`roleId`);

--
-- Indexes for table `invites`
--
ALTER TABLE `invites`
  ADD PRIMARY KEY (`id`),
  ADD KEY `enterpriseId` (`enterpriseId`);

--
-- Indexes for table `modeldata`
--
ALTER TABLE `modeldata`
  ADD PRIMARY KEY (`id`),
  ADD KEY `userId` (`userId`),
  ADD KEY `modelId` (`modelId`),
  ADD KEY `objectId` (`objectId`),
  ADD KEY `classId` (`classId`);

--
-- Indexes for table `modelobjectimages`
--
ALTER TABLE `modelobjectimages`
  ADD PRIMARY KEY (`id`),
  ADD KEY `modelDataId` (`modelDataId`);

--
-- Indexes for table `models`
--
ALTER TABLE `models`
  ADD PRIMARY KEY (`id`);

--
-- Indexes for table `objects`
--
ALTER TABLE `objects`
  ADD PRIMARY KEY (`id`),
  ADD KEY `classId` (`classId`);

--
-- Indexes for table `objectvalues`
--
ALTER TABLE `objectvalues`
  ADD PRIMARY KEY (`id`),
  ADD KEY `classTagId` (`classTagId`),
  ADD KEY `objectId` (`objectId`);

--
-- Indexes for table `otpverifies`
--
ALTER TABLE `otpverifies`
  ADD PRIMARY KEY (`id`);

--
-- Indexes for table `parentjoinkeys`
--
ALTER TABLE `parentjoinkeys`
  ADD PRIMARY KEY (`id`),
  ADD KEY `classId` (`classId`);

--
-- Indexes for table `phonerecords`
--
ALTER TABLE `phonerecords`
  ADD PRIMARY KEY (`id`),
  ADD KEY `userId` (`userId`),
  ADD KEY `countryCodeId` (`countryCodeId`);

--
-- Indexes for table `purchasehistories`
--
ALTER TABLE `purchasehistories`
  ADD PRIMARY KEY (`id`),
  ADD KEY `userId` (`userId`),
  ADD KEY `modelId` (`modelId`),
  ADD KEY `subscriptionId` (`subscriptionId`);

--
-- Indexes for table `reasons`
--
ALTER TABLE `reasons`
  ADD PRIMARY KEY (`id`);

--
-- Indexes for table `roles`
--
ALTER TABLE `roles`
  ADD PRIMARY KEY (`id`);

--
-- Indexes for table `routes`
--
ALTER TABLE `routes`
  ADD PRIMARY KEY (`id`),
  ADD KEY `RoleId` (`RoleId`);

--
-- Indexes for table `subscriptions`
--
ALTER TABLE `subscriptions`
  ADD PRIMARY KEY (`id`),
  ADD KEY `userId` (`userId`),
  ADD KEY `modelId` (`modelId`);

--
-- Indexes for table `tagdatatypes`
--
ALTER TABLE `tagdatatypes`
  ADD PRIMARY KEY (`id`);

--
-- Indexes for table `users`
--
ALTER TABLE `users`
  ADD PRIMARY KEY (`id`),
  ADD KEY `roleId` (`roleId`);

--
-- AUTO_INCREMENT for dumped tables
--

--
-- AUTO_INCREMENT for table `addresses`
--
ALTER TABLE `addresses`
  MODIFY `id` int(11) NOT NULL AUTO_INCREMENT;

--
-- AUTO_INCREMENT for table `classes`
--
ALTER TABLE `classes`
  MODIFY `id` int(11) NOT NULL AUTO_INCREMENT, AUTO_INCREMENT=74;

--
-- AUTO_INCREMENT for table `classtags`
--
ALTER TABLE `classtags`
  MODIFY `id` int(11) NOT NULL AUTO_INCREMENT, AUTO_INCREMENT=310;

--
-- AUTO_INCREMENT for table `companyrecords`
--
ALTER TABLE `companyrecords`
  MODIFY `id` int(11) NOT NULL AUTO_INCREMENT, AUTO_INCREMENT=2;

--
-- AUTO_INCREMENT for table `contactsales`
--
ALTER TABLE `contactsales`
  MODIFY `id` int(11) NOT NULL AUTO_INCREMENT;

--
-- AUTO_INCREMENT for table `countrycodemodels`
--
ALTER TABLE `countrycodemodels`
  MODIFY `id` int(11) NOT NULL AUTO_INCREMENT, AUTO_INCREMENT=243;

--
-- AUTO_INCREMENT for table `crackdetectionresponses`
--
ALTER TABLE `crackdetectionresponses`
  MODIFY `id` int(11) NOT NULL AUTO_INCREMENT;

--
-- AUTO_INCREMENT for table `deletetablerecords`
--
ALTER TABLE `deletetablerecords`
  MODIFY `id` int(11) NOT NULL AUTO_INCREMENT;

--
-- AUTO_INCREMENT for table `enterpriseaddresses`
--
ALTER TABLE `enterpriseaddresses`
  MODIFY `id` int(11) NOT NULL AUTO_INCREMENT;

--
-- AUTO_INCREMENT for table `enterprises`
--
ALTER TABLE `enterprises`
  MODIFY `id` int(11) NOT NULL AUTO_INCREMENT;

--
-- AUTO_INCREMENT for table `enterpriseusers`
--
ALTER TABLE `enterpriseusers`
  MODIFY `id` int(11) NOT NULL AUTO_INCREMENT;

--
-- AUTO_INCREMENT for table `invites`
--
ALTER TABLE `invites`
  MODIFY `id` int(11) NOT NULL AUTO_INCREMENT;

--
-- AUTO_INCREMENT for table `modeldata`
--
ALTER TABLE `modeldata`
  MODIFY `id` int(11) NOT NULL AUTO_INCREMENT COMMENT 'Unique identifier for the Image.', AUTO_INCREMENT=7;

--
-- AUTO_INCREMENT for table `modelobjectimages`
--
ALTER TABLE `modelobjectimages`
  MODIFY `id` int(11) NOT NULL AUTO_INCREMENT, AUTO_INCREMENT=14;

--
-- AUTO_INCREMENT for table `models`
--
ALTER TABLE `models`
  MODIFY `id` int(11) NOT NULL AUTO_INCREMENT, AUTO_INCREMENT=4;

--
-- AUTO_INCREMENT for table `objects`
--
ALTER TABLE `objects`
  MODIFY `id` int(11) NOT NULL AUTO_INCREMENT, AUTO_INCREMENT=29;

--
-- AUTO_INCREMENT for table `objectvalues`
--
ALTER TABLE `objectvalues`
  MODIFY `id` int(11) NOT NULL AUTO_INCREMENT, AUTO_INCREMENT=161;

--
-- AUTO_INCREMENT for table `otpverifies`
--
ALTER TABLE `otpverifies`
  MODIFY `id` int(11) NOT NULL AUTO_INCREMENT;

--
-- AUTO_INCREMENT for table `parentjoinkeys`
--
ALTER TABLE `parentjoinkeys`
  MODIFY `id` int(11) NOT NULL AUTO_INCREMENT, AUTO_INCREMENT=64;

--
-- AUTO_INCREMENT for table `phonerecords`
--
ALTER TABLE `phonerecords`
  MODIFY `id` int(11) NOT NULL AUTO_INCREMENT, AUTO_INCREMENT=2;

--
-- AUTO_INCREMENT for table `purchasehistories`
--
ALTER TABLE `purchasehistories`
  MODIFY `id` int(11) NOT NULL AUTO_INCREMENT;

--
-- AUTO_INCREMENT for table `reasons`
--
ALTER TABLE `reasons`
  MODIFY `id` int(11) NOT NULL AUTO_INCREMENT, AUTO_INCREMENT=4;

--
-- AUTO_INCREMENT for table `roles`
--
ALTER TABLE `roles`
  MODIFY `id` int(11) NOT NULL AUTO_INCREMENT, AUTO_INCREMENT=5;

--
-- AUTO_INCREMENT for table `routes`
--
ALTER TABLE `routes`
  MODIFY `id` int(11) NOT NULL AUTO_INCREMENT, AUTO_INCREMENT=35;

--
-- AUTO_INCREMENT for table `subscriptions`
--
ALTER TABLE `subscriptions`
  MODIFY `id` int(11) NOT NULL AUTO_INCREMENT;

--
-- AUTO_INCREMENT for table `tagdatatypes`
--
ALTER TABLE `tagdatatypes`
  MODIFY `id` int(11) NOT NULL AUTO_INCREMENT, AUTO_INCREMENT=8;

--
-- AUTO_INCREMENT for table `users`
--
ALTER TABLE `users`
  MODIFY `id` int(11) NOT NULL AUTO_INCREMENT, AUTO_INCREMENT=2;

--
-- Constraints for dumped tables
--

--
-- Constraints for table `addresses`
--
ALTER TABLE `addresses`
  ADD CONSTRAINT `addresses_ibfk_1` FOREIGN KEY (`countryId`) REFERENCES `countrycodemodels` (`id`) ON DELETE CASCADE ON UPDATE CASCADE,
  ADD CONSTRAINT `addresses_ibfk_2` FOREIGN KEY (`userId`) REFERENCES `users` (`id`) ON DELETE CASCADE ON UPDATE CASCADE;

--
-- Constraints for table `classes`
--
ALTER TABLE `classes`
  ADD CONSTRAINT `classes_ibfk_1` FOREIGN KEY (`enterpriseUserId`) REFERENCES `enterpriseusers` (`id`) ON DELETE CASCADE ON UPDATE CASCADE,
  ADD CONSTRAINT `classes_ibfk_2` FOREIGN KEY (`enterpriseId`) REFERENCES `enterprises` (`id`) ON DELETE CASCADE ON UPDATE CASCADE,
  ADD CONSTRAINT `classes_ibfk_3` FOREIGN KEY (`userId`) REFERENCES `users` (`id`) ON DELETE CASCADE ON UPDATE CASCADE;

--
-- Constraints for table `classtags`
--
ALTER TABLE `classtags`
  ADD CONSTRAINT `classtags_ibfk_1` FOREIGN KEY (`dataTypeId`) REFERENCES `tagdatatypes` (`id`) ON DELETE CASCADE ON UPDATE CASCADE,
  ADD CONSTRAINT `classtags_ibfk_2` FOREIGN KEY (`classId`) REFERENCES `classes` (`id`) ON DELETE CASCADE ON UPDATE CASCADE;

--
-- Constraints for table `companyrecords`
--
ALTER TABLE `companyrecords`
  ADD CONSTRAINT `companyrecords_ibfk_1` FOREIGN KEY (`userId`) REFERENCES `users` (`id`) ON DELETE CASCADE ON UPDATE CASCADE;

--
-- Constraints for table `crackdetectionresponses`
--
ALTER TABLE `crackdetectionresponses`
  ADD CONSTRAINT `crackdetectionresponses_ibfk_1` FOREIGN KEY (`modelObjectImageId`) REFERENCES `modelobjectimages` (`id`) ON DELETE CASCADE ON UPDATE CASCADE;

--
-- Constraints for table `deletetablerecords`
--
ALTER TABLE `deletetablerecords`
  ADD CONSTRAINT `deletetablerecords_ibfk_1` FOREIGN KEY (`reasonId`) REFERENCES `reasons` (`id`);

--
-- Constraints for table `enterpriseaddresses`
--
ALTER TABLE `enterpriseaddresses`
  ADD CONSTRAINT `enterpriseaddresses_ibfk_1` FOREIGN KEY (`enterpriseId`) REFERENCES `enterprises` (`id`) ON DELETE CASCADE ON UPDATE CASCADE;

--
-- Constraints for table `enterpriseusers`
--
ALTER TABLE `enterpriseusers`
  ADD CONSTRAINT `enterpriseusers_ibfk_1` FOREIGN KEY (`enterpriseId`) REFERENCES `enterprises` (`id`) ON DELETE CASCADE ON UPDATE CASCADE,
  ADD CONSTRAINT `enterpriseusers_ibfk_2` FOREIGN KEY (`roleId`) REFERENCES `roles` (`id`) ON DELETE CASCADE ON UPDATE CASCADE;

--
-- Constraints for table `invites`
--
ALTER TABLE `invites`
  ADD CONSTRAINT `invites_ibfk_1` FOREIGN KEY (`enterpriseId`) REFERENCES `enterprises` (`id`) ON DELETE SET NULL ON UPDATE CASCADE;

--
-- Constraints for table `modeldata`
--
ALTER TABLE `modeldata`
  ADD CONSTRAINT `modeldata_ibfk_1` FOREIGN KEY (`userId`) REFERENCES `users` (`id`) ON DELETE CASCADE ON UPDATE CASCADE,
  ADD CONSTRAINT `modeldata_ibfk_2` FOREIGN KEY (`modelId`) REFERENCES `models` (`id`) ON DELETE CASCADE ON UPDATE CASCADE,
  ADD CONSTRAINT `modeldata_ibfk_3` FOREIGN KEY (`objectId`) REFERENCES `objects` (`id`) ON DELETE CASCADE ON UPDATE CASCADE,
  ADD CONSTRAINT `modeldata_ibfk_4` FOREIGN KEY (`classId`) REFERENCES `classes` (`id`) ON DELETE CASCADE ON UPDATE CASCADE;

--
-- Constraints for table `modelobjectimages`
--
ALTER TABLE `modelobjectimages`
  ADD CONSTRAINT `modelobjectimages_ibfk_1` FOREIGN KEY (`modelDataId`) REFERENCES `modeldata` (`id`) ON DELETE CASCADE ON UPDATE CASCADE;

--
-- Constraints for table `objects`
--
ALTER TABLE `objects`
  ADD CONSTRAINT `objects_ibfk_1` FOREIGN KEY (`classId`) REFERENCES `classes` (`id`) ON DELETE CASCADE ON UPDATE CASCADE;

--
-- Constraints for table `objectvalues`
--
ALTER TABLE `objectvalues`
  ADD CONSTRAINT `objectvalues_ibfk_1` FOREIGN KEY (`classTagId`) REFERENCES `classtags` (`id`) ON DELETE CASCADE ON UPDATE CASCADE,
  ADD CONSTRAINT `objectvalues_ibfk_2` FOREIGN KEY (`objectId`) REFERENCES `objects` (`id`) ON DELETE CASCADE ON UPDATE CASCADE;

--
-- Constraints for table `parentjoinkeys`
--
ALTER TABLE `parentjoinkeys`
  ADD CONSTRAINT `parentjoinkeys_ibfk_1` FOREIGN KEY (`classId`) REFERENCES `classes` (`id`) ON DELETE CASCADE ON UPDATE CASCADE;

--
-- Constraints for table `phonerecords`
--
ALTER TABLE `phonerecords`
  ADD CONSTRAINT `phonerecords_ibfk_1` FOREIGN KEY (`userId`) REFERENCES `users` (`id`) ON DELETE CASCADE ON UPDATE CASCADE,
  ADD CONSTRAINT `phonerecords_ibfk_2` FOREIGN KEY (`countryCodeId`) REFERENCES `countrycodemodels` (`id`) ON DELETE CASCADE ON UPDATE CASCADE;

--
-- Constraints for table `purchasehistories`
--
ALTER TABLE `purchasehistories`
  ADD CONSTRAINT `purchasehistories_ibfk_1` FOREIGN KEY (`userId`) REFERENCES `users` (`id`) ON DELETE CASCADE ON UPDATE CASCADE,
  ADD CONSTRAINT `purchasehistories_ibfk_2` FOREIGN KEY (`modelId`) REFERENCES `models` (`id`) ON DELETE CASCADE ON UPDATE CASCADE,
  ADD CONSTRAINT `purchasehistories_ibfk_3` FOREIGN KEY (`subscriptionId`) REFERENCES `subscriptions` (`id`) ON DELETE CASCADE ON UPDATE CASCADE;

--
-- Constraints for table `routes`
--
ALTER TABLE `routes`
  ADD CONSTRAINT `routes_ibfk_1` FOREIGN KEY (`RoleId`) REFERENCES `roles` (`id`) ON DELETE SET NULL ON UPDATE CASCADE;

--
-- Constraints for table `subscriptions`
--
ALTER TABLE `subscriptions`
  ADD CONSTRAINT `subscriptions_ibfk_1` FOREIGN KEY (`userId`) REFERENCES `users` (`id`) ON DELETE CASCADE ON UPDATE CASCADE,
  ADD CONSTRAINT `subscriptions_ibfk_2` FOREIGN KEY (`modelId`) REFERENCES `models` (`id`) ON DELETE CASCADE ON UPDATE CASCADE;

--
-- Constraints for table `users`
--
ALTER TABLE `users`
  ADD CONSTRAINT `users_ibfk_1` FOREIGN KEY (`roleId`) REFERENCES `roles` (`id`) ON DELETE SET NULL ON UPDATE CASCADE;
COMMIT;

/*!40101 SET CHARACTER_SET_CLIENT=@OLD_CHARACTER_SET_CLIENT */;
/*!40101 SET CHARACTER_SET_RESULTS=@OLD_CHARACTER_SET_RESULTS */;
/*!40101 SET COLLATION_CONNECTION=@OLD_COLLATION_CONNECTION */;
